in_src,out_src,in_dst,out_dst,distance
53,94,70,140,4
79,78,2347,131,4
58,81,30,89,4
339,183,91,105,3
124,155,101,131,4
59,148,59,81,4
1,105,70,125,5
21,126,45,92,3
74,88,236,92,4
209,281,144,144,3
244,106,43,150,3
80,137,7,174,5
3,104,32,170,4
102,173,9,143,3
138,88,69,103,4
42,97,26,198,4
34,201,12,81,4
21,85,184,184,4
121,88,122,90,4
40,83,65,261,4
98,141,2087,367,3
19,80,94,151,4
141,237,502,179,3
23,88,77,109,4
6,297,692,227,3
106,132,53,218,4
11,219,36,85,5
15,120,104,146,3
316,97,53,92,3
169,91,165,104,4
33,90,93,132,4
478,178,309,148,4
69,80,9,142,5
2427,262,33,312,5
18,127,49,121,4
16,117,75,129,4
46,121,139,84,4
21,133,3,108,4
64,78,79,138,3
141,231,37,174,4
67,157,200,118,3
54,92,476,282,4
7,212,4,209,4
113,188,19,79,5
95,149,59,161,4
43,82,6,89,6
78,77,43,97,4
296,201,67,129,3
3,710,87,114,3
40,83,179,105,3
5,333,85,85,4
68,123,31,91,5
1,191,11,200,4
60,84,3,159,4
253,119,74,122,3
27,96,12,614,5
0,687,366,343,3
101,106,9,435,5
213,141,23,141,4
34,100,285,154,4
993,239,2919,159,2
7,81,101,97,5
54,77,79,92,4
3,145,4,108,6
3682,87,4,230,5
43,79,535,125,3
9,109,1914,322,3
62,97,59,144,4
46,89,320,140,4
186,284,1,166,5
3,82,425,139,3
103,113,86,85,3
24,94,473,634,4
40,86,735,358,3
3816,102,86,81,4
84,122,40,126,3
17,289,363,131,4
61,101,44,79,3
2,155,58,83,3
601,235,252,96,3
4,168,315,172,3
10,108,24,88,4
15,83,94,158,3
22,178,20,95,4
51,77,55,84,4
319,246,55,86,4
77,93,56,104,4
4,105,57,442,3
5480,92,28,90,4
1084,532,136,326,4
6,100,56,113,4
177,139,119,110,4
89,113,42,79,4
56,489,56,109,5
162,137,104,98,4
64,145,117,160,4
43,100,291,109,4
33,83,123,129,4
1,113,28,118,4
1654,106,54,84,4
5,292,32,99,4
116,191,26,285,3
46,80,50,114,4
65,172,229,197,4
45,86,148,105,3
21,193,254,102,3
85,178,21,120,4
134,185,63,80,4
40,122,38,81,4
312,278,250,392,4
78,124,108,100,3
10,83,13,102,4
3,87,11,85,4
115,101,88,140,3
270,101,59,100,4
99,109,26,90,4
30,195,360,98,3
18,78,538,122,4
198,85,317,81,3
247,155,911,216,4
33,85,49,100,4
17,89,27,85,4
23,88,50,142,4
11,86,63,138,3
153,179,90,79,4
9,79,33,93,4
158,98,320,188,3
40,105,119,182,4
10,85,23,106,3
16,103,193,146,3
7,265,44,83,4
59,92,40,219,4
3,98,121,105,4
167,118,28,86,4
277,281,2286,229,3
5,387,6,105,3
64,99,119,102,3
60,104,38,109,4
2522,79,105,94,4
19180,839,110,86,4
36,164,69,158,4
5,300,4,115,4
19,108,87,92,4
15,446,95,106,3
338,165,335,116,2
557,110,18,77,4
55,184,87,113,4
164,120,304,272,4
178,88,31,97,3
27,115,146,103,3
77,131,159,400,3
64,93,57,97,4
8,98,250,129,3
535,158,6,93,4
47,127,452,184,4
1,190,301,102,4
5,429,41,139,4
81,126,14,120,4
237,145,39,77,4
16,78,111,111,3
17,151,50,134,4
52,79,160,178,4
80,113,455,99,3
18,98,22,140,4
133,116,41,86,4
29,184,69,96,4
153,158,76,77,4
15,83,50,79,3
4,97,114,142,4
32,90,214,81,4
374,161,89,98,4
111,226,21,88,4
42,79,19,110,4
3,89,197,336,3
100,140,39,102,4
19,123,345,416,3
294,156,7463,401,3
40,81,164,199,4
48,103,136,92,4
314,191,29,88,4
32,203,24,84,4
31,80,31,175,4
112,121,119,82,3
91,90,336,218,4
192,177,131,191,4
4,87,19,89,4
42,108,85,138,4
138,84,77,192,4
90,127,39,137,4
28,88,105,123,4
450,88,1828,543,3
319,134,49,98,2
104,87,135,183,4
145,84,560,115,3
35,336,41,138,4
427,109,43,122,4
20,185,12,91,4
71,108,91,83,4
43,102,9,905,4
32,136,105,104,4
143,179,795,298,3
6,93,142,250,4
165,145,21,99,4
75,147,62,87,4
92,99,29,180,3
91,81,29,195,4
12,80,1209,317,3
56,222,8,166,4
14,99,105,284,3
19,152,17,94,4
32,104,43,83,4
40,119,13,78,4
14,113,4,244,4
8,77,10,86,4
8,136,55,138,4
7,106,1148,137,4
134,160,61,98,4
32,197,19,279,4
302,184,90,101,4
106,222,1604,302,3
30,106,278,287,4
258,158,29,93,4
59,104,113,124,4
35,82,685,280,3
4,86,443,161,3
21,196,1010,175,3
7,171,94,254,4
76,78,121,216,4
11,89,31,92,4
147,197,688,117,3
23,84,93,117,4
343,99,27,126,4
16,86,52,90,4
261,533,228,87,3
92,161,112,79,3
7,85,60,92,4
14,97,389,217,3
343,251,12,137,4
91,180,50,146,4
61,104,252,133,4
140,142,87,112,4
36,102,32,80,4
208,133,4,192,4
1462,2003,37,140,4
46,86,55,124,4
6,99,195,222,2
0,107,93,139,4
1364,364,42,78,3
1509,272,39,91,3
118,92,280,80,4
46,114,19,90,2
11,90,4082,154,3
26,93,766,296,3
8,97,7,140,4
6,85,435,101,4
8,200,51,91,4
67,93,173,154,4
94,78,232,86,3
140,180,24,92,3
34,113,141,92,4
2,532,216,168,3
254,326,127,132,4
5,334,39,78,4
82,125,78,184,4
41,146,66,91,4
136,93,10,87,4
16,144,39,84,4
40,299,350,142,4
23,618,50,106,4
13,111,87,99,4
13,87,1497,202,3
98,78,61,90,4
9,90,427,179,4
4,194,119,187,4
1300,184,7,188,4
25,83,77,99,3
171,82,64,282,4
7,92,48,104,4
32,173,8,115,3
31,98,40,93,4
5,153,149,134,3
68,84,39,89,4
119,83,25,85,3
191,153,27,113,4
136,103,9,108,3
286,84,704,251,4
16,272,63,90,3
147,172,236,97,3
204,174,49,77,4
111,105,43,2009,4
42,151,79,108,4
94,104,93,81,4
59,111,1322,741,4
37,159,9,106,4
44,85,84,97,4
176,82,317,101,4
29,218,175,178,4
60,80,41,98,4
227,280,65,190,4
16,146,348,80,3
31,117,505,131,3
23,92,48,130,4
1165,457,17,86,4
488,189,52,132,4
81,108,14,104,4
13,95,1,103,4
1887,83,70,81,4
51,91,135,152,4
1,236,126,270,4
239,150,68,102,4
4,81,51,105,4
8,110,2056,390,3
18,78,48,140,4
508,150,17,121,3
651,132,29,87,4
149,155,8,180,4
427,207,19,121,4
61,115,127,91,4
171,95,24,83,3
17,562,439,175,3
13,241,8,95,4
25,96,126,188,3
10,102,23,83,3
8,88,118,109,4
5,143,153,125,4
3,100,122,165,4
579,141,2,140,3
14,80,35,113,2
344,179,1287,226,3
13,109,164,89,4
53,117,52,78,4
132,450,49,111,4
11,192,142,109,4
20,78,99,96,4
199,129,76,81,4
3,77,672,302,3
19,316,10,223,4
139,139,173,129,4
22,81,126,85,4
38,93,124,127,4
7,411,369,169,3
1,219,25,82,4
88,107,37,134,4
65,99,501,89,3
85,257,132,84,4
430,759,174,129,3
11,102,380,217,4
79,185,256,249,4
64,85,297,127,3
46,81,24,94,4
29,84,148,150,3
25,106,52,83,4
85,140,4,92,4
123,122,173,102,3
64,122,55,208,3
87,102,66,188,3
6,99,74,82,4
107,87,66,191,4
38,101,43,127,4
253,292,173,102,2
3,150,137,87,4
3,81,23,78,4
59,112,326,90,3
3,129,45,78,4
61,88,275,105,3
32,128,1326,289,4
116,127,58,144,3
134,261,79,87,4
510,91,68,88,4
1971,649,1535,99,3
48,78,60,103,4
7,106,7,119,4
132,242,13,222,4
228,219,408,173,4
200,183,79,89,4
5,108,67,235,4
87,78,40,109,4
16,122,64,88,4
113,132,30,84,4
171,323,22,103,4
2,201,14,118,4
7,109,76,97,3
299,115,55,138,4
3,114,71,81,4
40,152,416,212,3
734,190,152,146,4
160,248,97,84,4
492,150,56,119,4
744,119,59,92,3
49,80,570,182,3
13,129,113,93,4
4,97,171,121,3
144,95,52,82,4
46,120,61,80,4
1887,338,196,137,3
1,86,51,85,4
0,83,28,136,4
598,89,234,184,4
153,177,103,128,4
61,128,173,329,4
451,207,21,77,4
65,128,31,80,4
48,108,77,100,4
4,79,4,425,3
94,142,25,98,4
14,115,57,93,4
73,89,129,88,3
82,90,86,111,4
53,100,54,123,3
262,188,45,89,4
75,93,81,140,4
170,135,102,88,4
18,105,261,433,4
5,105,122,120,3
36,82,34,87,4
32,112,98,157,4
326,255,21,252,3
301,224,69,92,4
800,224,17,79,4
32,125,69,294,4
139,189,3,81,4
66,113,472,128,3
12,123,1519,327,3
1468,119,46,97,4
54,101,10,109,4
73,139,18,81,4
105,89,140,109,4
16,197,6,108,4
63,127,47,89,4
1,144,207,95,3
53,79,167,129,3
9,92,130,95,4
32,105,72,80,4
401,200,30,170,3
5,215,49,96,4
1,109,66,80,3
2,81,100,117,4
8,77,27,190,4
421,223,54,169,3
92,93,50,82,4
139,127,41,133,4
781,356,1478,381,3
113,169,31,194,4
38,169,157,120,4
22,88,697,92,4
51,94,1,273,4
16,138,154,107,3
386,275,16,85,4
100,193,5,94,3
32,89,198,134,3
5,146,23,78,4
12,155,402,169,3
91,112,16,271,4
208,224,81,84,4
0,95,27,86,4
4,79,13,116,4
31,103,56,78,4
6,240,423,93,3
88,221,15,230,4
3,455,12,78,3
87,95,4,119,4
43,90,6,133,4
246,120,2990,362,3
23,85,52,86,4
16,85,5,185,4
150,146,20,82,3
11,84,32,84,4
69,87,744,386,4
196,108,104,79,3
36,78,125,119,4
15,79,41,123,4
659,319,15,139,3
3,110,198,131,4
35,102,52,85,4
233,123,72,89,4
9,116,12,152,3
225,88,2,142,4
19,85,28,80,3
2880,236,115,116,4
32,116,191,158,4
227,265,62,178,4
20,126,24,107,4
4,94,30,205,3
7,109,27,98,4
34,84,70,86,4
449,204,24,463,4
23,83,51,93,4
27,125,17,95,4
89,84,27,82,4
3,137,51,77,4
209,241,1,248,4
114,119,407,255,4
46,107,17,129,4
265,113,8,79,4
1067,376,95,98,4
36,79,11,88,4
86,135,15,82,4
5,81,32,122,4
75,78,55,107,4
61,78,118,85,4
191,182,110,96,3
187,431,21,130,4
7,104,61,104,4
31,89,30,80,4
48,82,10,80,4
13,95,298,167,3
83,102,527,128,3
272,187,64,109,4
2,197,271,254,3
654,254,897,421,3
116,85,20,78,4
633,233,12,81,4
2,86,8,116,4
70,77,117,133,4
3019,225,51,92,3
3,78,71,119,4
166,132,524,170,3
143,131,31,84,4
48,97,73,97,4
18,328,5,85,4
63,91,142,121,4
38,86,11,84,4
36,93,491,227,3
43,779,58,99,4
63,153,37,79,4
0,109,60,100,4
77,139,11,79,4
41,133,30,100,4
10,247,94,77,4
460,214,18,107,4
38,81,360,192,4
32,193,355,89,3
28,83,89,80,3
21,260,372,103,4
44,84,119,92,4
148,191,89,77,4
463,281,133,152,3
31,226,2401,109,4
104,98,144,82,3
77,97,203,291,3
5691,688,421,150,3
36,82,7,112,4
198,115,572,277,3
157,106,80,102,4
148,109,150,172,3
4,126,171,88,4
8,87,225,139,3
74,142,160,84,4
207,118,109,88,4
31,167,30,152,4
26,107,21,105,3
46,93,4,92,4
220,183,4,136,4
77,164,88,145,4
84,85,22,135,4
49,88,46,95,3
61,128,4,231,4
951,340,46,104,4
748,139,47,79,4
24,79,118,146,4
11,607,142,2331,4
125,121,191,141,4
6,128,147,162,4
10,82,60,139,3
121,103,1065,254,3
284,206,35,112,4
12,85,11,90,4
41,89,37,191,3
167,155,7,144,4
111,91,220,117,4
30,107,19,97,4
2,152,151,111,3
3,193,604,151,3
34,862,185,77,3
17,78,226,112,4
275,111,28,95,4
99,171,101,95,4
2594,611,193,126,3
80,188,36,106,3
3,117,36,114,4
4188,510,107,92,3
268,140,50,99,4
26,196,290,104,2
322,109,278,178,3
461,362,111,231,3
457,330,16067,502,3
10,81,252,145,4
282,257,4230,599,2
2,138,25,204,4
4,750,10,117,3
117,108,253,182,4
0,98,438,105,4
7,127,125,86,4
8,91,127,129,4
531,462,237,208,3
72,78,62,82,3
68,155,49,79,4
11,113,34,78,4
46,114,463,286,3
72,106,25,79,3
2,121,36,82,3
6,87,646,260,3
35,177,68,106,4
3,282,394,283,3
103,97,32,103,4
14,89,614,241,3
220,218,73,150,4
32,93,491,219,3
1,116,111,139,4
26,89,44,422,4
516,125,28,95,4
3,84,28,89,4
258,309,146,190,3
19,84,51,115,4
139,83,361,103,4
28,146,59,103,4
1029,201,43,83,4
19,84,14,108,4
4,310,344,145,3
232,282,44,147,4
213,191,31,170,4
3,476,42,124,3
223,139,46,105,3
0,185,618,441,4
3,105,130,119,4
6,83,535,227,3
11,127,49,89,4
52,81,63,117,4
96,93,93,81,4
43,260,43,87,3
45,117,44,117,3
89,92,70,100,4
496,119,30,81,4
1,782,40,110,3
140,209,106,158,4
10,93,25,984,4
127,85,408,131,4
32,80,177,120,4
36,81,95,218,3
25,89,25,152,4
102,116,37,101,4
0,85,189,129,4
973,249,11,88,4
7565,324,12,89,4
31,82,386,165,4
305,334,1,386,4
111,109,16,78,4
92,183,120,208,4
9,120,74,89,4
493,187,5537,101,3
132,100,344,215,3
148,87,11,97,4
61,108,33,85,4
84,119,211,125,3
36,207,60,99,4
16,131,36,88,4
15,298,1242,241,3
174,109,100,104,3
4,362,68,107,3
91,114,575,198,3
12,176,7,132,4
193,133,16,79,4
1852,467,72,167,4
138,204,32,134,3
806,304,27,108,3
50,166,38,231,4
12,77,42,111,4
76,209,154,123,4
106,150,578,293,4
563,77,109,103,3
83,116,159,135,3
10,352,120,128,3
2,78,17,82,4
6,130,232,105,4
93,151,410,780,3
13,142,6,140,4
167,126,7,192,4
62,95,174,157,3
844,144,10,237,4
84,129,121,208,3
18,191,103,129,4
149,188,101,127,4
10,264,34,112,4
5,88,118,102,4
13,349,145,106,4
247,110,84,118,4
77,145,57,91,4
10,221,41,206,4
324,170,10,228,3
262,138,146,154,4
10,141,39,102,4
15,96,239,307,3
41,119,230,127,4
7,84,53,86,3
22,79,93,97,4
72,83,105,105,4
10,285,26,83,4
191,112,65,136,4
179,123,24,91,4
323,160,103,118,4
35,85,7426,528,3
142,123,42,78,4
276,270,111,151,4
115,84,28,256,4
52,86,69,80,4
131,125,49,85,4
259,232,30,133,4
2,728,15,88,4
217,136,96,96,3
363,115,18,822,4
4,126,83,140,4
11,140,37,79,3
116,137,161,97,4
260,102,13,79,4
39,109,235,139,3
49,93,116,99,4
45,95,904,172,3
23,141,30,147,4
59,294,1008,112,3
126,217,22,79,4
272,161,130,129,4
117,88,980,94,3
10,127,224,181,3
5,79,128,140,4
163,89,285,203,3
55,88,23,195,4
19,300,22,108,4
169,116,63,89,4
1014,1360,72,150,3
17,88,44,99,3
200,92,10,307,4
2487,283,220,121,3
167,80,227,185,4
4,422,57,139,3
34,108,90,81,3
24,82,104,89,4
8,101,95,214,4
5,92,301,107,3
48,83,63,86,3
10,81,16,184,4
31,105,15,85,4
3,82,7023,618,3
55,84,29,120,4
324,156,11,239,4
12,111,65,105,4
12,278,93,149,3
24,165,56,103,4
2,119,35,98,4
100,104,89,197,4
38,80,75,87,4
87,196,40,113,4
154,266,109,173,3
68,80,428,324,4
141,132,65,197,4
97,82,41,120,4
3,77,19,85,4
77,84,24,97,4
128,109,14,108,4
5,80,145,131,4
48,83,77,101,4
170,97,12,241,3
58,226,179,130,4
38,240,73,100,3
73,79,7,100,4
57,110,42,113,4
30,92,42,87,4
340,837,3,191,4
307,89,821,397,4
75,150,66,283,3
296,321,156,110,3
60,130,117,234,4
80,105,9,107,4
51,96,148,354,4
11,83,7,99,4
119,189,43,79,3
61,93,45,139,4
124,133,896,379,4
127,94,195,100,4
19,214,29,87,4
35,82,34,83,4
4,204,219,164,4
135,82,5,81,4
11,157,45,108,4
18,109,600,212,4
64,77,11,120,4
484,233,89,114,4
268,159,69,84,3
8336,376,296,288,3
1,88,115,128,4
10,108,26,91,4
177,154,1284,149,3
24,301,200,316,3
19,89,23,102,4
194,100,1,92,4
201,117,59,107,4
23,96,22,80,4
101,92,82,92,4
1381,351,206,91,3
12,81,193,90,3
24,79,427,84,3
34,159,5097,207,2
114,80,133,88,3
26,130,122,95,4
54,297,109,147,4
86,153,59,77,3
40,78,256,173,4
103,145,119,159,4
17,95,208,333,3
2,1340,32,82,4
27,120,253,217,3
80,160,55,101,4
6,166,56,122,4
14,82,214,118,4
172,98,102,92,4
272,124,134,147,4
108,98,45,82,4
47,82,98,206,3
94,138,242,298,3
1,349,74,125,4
21,95,89,120,3
127,102,1029,201,3
1102,354,72,390,3
352,273,173,118,3
1460,310,222,187,3
76,87,134,141,3
77,103,55,107,4
59,107,6648,633,3
2,100,17,96,4
35,117,95,142,4
9,99,373,230,4
88,142,85,109,3
166,155,326,112,4
29,90,34,127,4
7036,546,93,170,3
5,146,49,79,3
69,97,225,128,4
677,466,5,84,4
17,133,193,166,4
137,97,18,96,4
8,384,115,78,4
196,267,52,380,3
229,162,296,110,4
3,156,213,215,4
187,113,229,91,3
535,154,178,91,3
10,137,638,187,3
489,139,24,82,3
363,249,8736,645,3
34,151,147,111,3
1,105,404,103,3
219,112,75,182,4
142,81,88,85,4
18,78,125,77,3
36,135,7,138,3
82,86,429,78,3
30,111,50,94,4
10,91,1069,204,4
181,184,51,141,3
5,90,1456,157,3
37,88,139,234,3
86,84,18,86,4
106,100,21,117,3
79,78,125,116,4
18,92,17,109,4
72,180,53,103,3
16,78,88,86,3
79,422,380,384,3
22,108,102,92,4
215,143,335,154,2
479,213,382,197,3
269,123,119,200,3
144,144,10,84,4
70,89,5,228,4
145,110,250,143,4
15,89,163,148,3
18,166,177,115,3
160,152,926,258,2
15,84,2,83,4
16,79,1570,476,2
76,123,35,88,4
149,247,504,111,3
1842,523,100,88,4
12,85,112,114,4
48,102,8,99,4
49,104,25,87,4
7,153,117,78,3
324,113,218,289,3
211,151,206,140,3
52,119,115,182,4
96,90,50,155,4
397,87,3,82,4
23,618,15,203,4
103,105,792,135,4
158,162,10,102,3
1,164,137,142,4
103,88,65,288,4
13,98,17,82,4
34,125,139,136,4
10,440,31,86,4
200,190,22,342,4
12,77,17,86,3
352,157,812,206,3
15,188,2823,380,2
10,134,1672,267,2
37,81,110,147,3
9,78,20,746,4
87,109,259,135,3
16,105,458,158,3
9,102,60,115,4
7,111,188,167,2
1054,153,599,270,3
67,187,5,88,4
24,83,97,124,3
34,151,14,126,4
67,195,15,108,3
393,196,116,98,4
203,113,127,105,4
20,115,5,98,4
51,81,199,119,4
77,220,159,96,3
27,2088,55,89,4
42,179,63,170,3
60,119,1168,441,3
764,447,29,98,4
9,81,71,135,4
579,132,35,101,4
93,109,106,108,3
18,123,127,175,4
47,103,117,154,4
6,93,147,102,3
265,191,122,85,3
16,93,70,119,3
151,113,63,77,4
28,114,15,101,3
495,262,30,125,3
31,144,477,118,3
210,138,348,110,3
211,197,19,127,3
150,234,184,139,3
12,111,57,92,4
3,78,19,95,4
266,208,49,87,4
184,195,6,183,3
5,99,572,172,4
142,85,1037,403,3
6,139,227,129,4
170,88,354,155,4
69,314,13,127,3
263,139,446,280,3
240,194,727,92,2
28,80,25,84,4
1,190,148,117,3
19,89,246,83,3
84,108,74,85,4
6,168,38,152,4
27,141,3,121,4
16,126,126,91,4
61,145,49,97,4
47,217,55,80,4
85,151,48,148,4
19,100,5,106,4
178,89,184,134,4
3589,333,27,84,4
85,142,29,110,4
2,142,32,92,3
44,95,109,89,4
500,170,44,93,4
9,278,301,142,3
20,211,587,180,3
7,97,126,221,3
551,191,1302,110,3
156,93,32,80,4
106,164,19,102,4
268,146,95,85,4
26,101,131,85,4
12,114,43,93,3
215,103,19,719,4
3,84,55,253,3
13,176,49,145,4
30,226,54,89,4
8,88,30,132,3
62,85,81,105,4
12,92,6,86,4
31,107,26,128,4
12,781,2,94,4
13,102,250,122,3
76,168,64,122,4
2,152,70,111,4
20,139,154,91,4
72,171,536,263,3
4,80,171,974,4
148,157,31,111,4
7,82,166,102,4
16,128,698,139,3
5,106,72,104,3
38,151,93,135,3
20,87,29,105,4
2,221,237,194,4
9,81,115,133,3
27,93,76,87,3
63,94,126,90,3
3,87,7,103,3
38,234,13,107,4
141,138,2542,315,3
88,110,145,85,4
238,130,69,157,4
244,244,337,107,3
52,95,24,91,4
2,124,65,77,4
50,100,81,84,3
484,223,308,175,3
140,88,179,114,3
31,145,217,103,4
39,153,102,121,3
26,82,94,242,3
17,179,116,109,3
191,126,249,116,4
5,96,249,113,3
67,129,29,102,4
16,77,25,92,3
139,91,1032,158,3
53,124,535,209,3
277,115,146,78,3
12,82,39,92,3
21,93,53,89,4
377,527,1273,225,3
75,118,203,143,3
812,206,379,121,3
12,85,98,405,3
72,97,2,266,3
211,243,20,102,4
23,139,62,257,4
33,84,70,88,4
140,98,134,125,4
3,285,301,212,3
12,163,684,147,3
57,80,3853,311,3
1,155,858,116,3
21,119,253,125,3
9,91,28,98,4
63,91,1284,285,3
115,95,37,225,3
3,78,127,79,3
67,108,33,116,4
7,120,315,164,3
65,242,92,175,3
140,237,44466,996,1
55,90,234,168,4
6,126,67,93,4
12,84,77,104,4
31,431,615,161,4
40,119,397,325,3
45,98,176,90,3
42,245,70,210,3
23,86,200,143,4
1,78,11,98,4
291,114,42,900,3
192,171,29,110,4
78,85,175,278,3
30,81,101,163,3
50,88,36,91,4
35,81,131,155,4
67,101,28,202,4
456,109,2331,207,3
66,91,237,143,2
49,102,19,82,4
116,145,21,200,4
19,89,258,293,4
83,82,145,141,4
19,82,41,89,2
2,130,17,285,4
42,148,1,133,4
32,98,135,103,3
749,252,61,192,3
67,91,538,382,4
8,91,34,90,4
161,139,31,113,3
20,343,6,159,4
21,119,357,135,3
252,237,14,419,4
71,118,95,87,4
63,86,495,131,3
105,95,551,143,3
12,88,173,82,3
393,194,1643,93,3
644,250,7,375,4
19,82,166,81,3
51,100,153,138,4
11,96,125,124,4
39,89,19,114,4
872,157,336,268,3
22,83,388,156,3
2,89,3,261,4
1129,265,81,109,4
16,224,4,173,3
127,179,12,77,4
8,344,68,149,4
45,154,1778,338,3
48,82,25,166,3
33,120,165,268,3
1,100,1,344,4
179,120,10506,402,3
263,233,40,285,4
53,79,333,191,3
132,81,44,104,4
68,113,160,265,3
143,87,13,103,4
289,96,79,108,4
111,103,21,101,3
10,93,133,106,4
298,95,127,94,3
326,100,44,107,3
7,78,34,146,4
147,125,529,204,3
371,167,8,403,4
29,102,492,156,3
8,116,21,138,4
29,86,359,208,3
19,104,26,208,4
251,173,357,203,3
4,128,45,81,4
201,155,86,82,4
1,93,6,188,3
122,95,184,83,4
83,292,131,240,3
3,326,36,427,4
102,213,58,108,3
38,81,193,157,3
44,77,71,137,4
60,87,167,79,3
43,144,56,176,4
36,127,514,214,3
90,79,82,127,4
0,349,82,125,4
115,136,470,130,4
540,212,19,225,4
47,87,72,101,4
3,415,155,112,3
20,79,129,282,3
5,104,8,163,3
136,181,17,78,3
351,207,2,178,3
187,211,52,94,4
62,90,92,91,3
181,137,25,83,4
27,122,31,87,4
91,142,878,292,2
379,169,1,269,3
143,86,10,195,4
5,101,355,101,4
71,144,38,232,2
44,78,22,88,4
69,130,69,98,3
3,160,90,78,4
1,103,70,162,4
16,89,331,114,4
11,171,73,119,3
100,195,32529,542,3
11,139,162,133,3
39,140,71,207,4
14,92,44,99,4
166,172,76,93,4
1,77,492,162,3
55,137,6,138,4
54,94,3667,467,3
16,197,36,89,3
244,162,83,118,4
22,97,18,85,4
10,155,259,254,3
262,104,252,217,3
130,127,71,100,3
461,350,421,277,3
10,114,880,489,2
9,90,90,128,3
5,78,52,100,3
9,88,2539,372,3
134,86,255,109,3
19,88,331,148,3
81,161,88,96,3
93,109,81,130,3
8,140,25,141,4
64,84,18,86,4
137,131,10,79,4
6838,628,183,670,3
392,171,1137,153,3
91,117,10,99,4
194,102,160,125,4
124,98,59,109,3
126,92,44,99,4
44,102,13,101,3
246,228,20,99,4
44,448,336,107,3
0,81,98,101,4
277,401,283,115,3
110,91,29,92,4
110,100,98,97,3
445,148,108,79,3
274,256,1638,232,3
9,94,11163,600,2
43,118,561,167,3
46,208,108,134,3
22,88,20,79,4
126,301,31,99,3
31,94,234,131,3
77,132,735,128,2
134,136,967,162,3
110,270,370,142,3
7,316,496,171,3
17,279,36,96,3
123,185,13,199,4
143,149,273,182,3
150,160,104,147,3
534,336,1879,352,3
473,252,153,236,3
103,264,56,183,3
2,82,76,89,4
1829,247,327,92,3
76,88,131,94,4
129,128,34,187,3
90,80,3854,735,3
205,119,52,97,3
45,108,69,79,4
241,129,124,140,3
5,90,168,77,4
104,158,26,81,4
21,129,241,220,4
157,129,112,182,4
12,92,103,80,4
18,270,418,553,2
4,89,457,148,3
4,227,104,79,4
93,79,122,110,4
244,151,64,112,4
322,122,81,98,4
198,144,22,154,4
71,81,11,138,4
57,77,22,101,4
1973,439,26,102,3
352,174,136,109,2
5,200,598,346,3
31,78,76,124,3
2409,304,21,235,4
0,1103,238,106,3
127,108,13,540,4
42,83,38,93,4
201,110,63,89,3
49,89,17,98,4
52,103,144,169,4
24,115,2397,487,3
7,87,328,159,3
75,106,814,420,3
23,81,75,93,4
5,77,290,147,3
200,178,44,163,3
12,104,127,83,4
1,249,11804,198,3
7,91,692,314,3
105,93,44,93,3
4,78,165,173,4
13,269,78,93,3
26,130,22,94,3
27,121,99,138,4
124,239,65,87,4
11,94,1330,253,3
489,139,146,111,4
1000,184,17,90,4
164,136,5751,477,3
713,347,30,83,3
79,235,604,147,3
187,87,69,103,3
113,147,487,94,4
50,138,324,419,4
2,91,33,121,4
53,104,35,225,4
87,169,413,153,3
347,330,106,131,3
40,552,113,85,3
85,135,74,77,3
92,82,274,106,3
83,154,727,375,3
70,112,104,101,3
102,114,2,191,3
1,104,236,80,4
4,77,53,85,3
4,386,162,105,3
58,191,18,167,4
52,143,54,257,2
189,238,482,242,3
160,153,78,103,3
113,93,90,103,2
82,111,194,133,4
707,495,12,172,4
12,429,19,77,4
185,207,59,124,4
45,135,1145,144,2
16,268,8,406,4
19,625,246,79,4
3,466,45,87,3
18,115,27,109,3
30,119,38,158,4
42,108,21,134,4
128,98,473,189,4
52,109,14,86,3
31,81,253,129,4
20,151,205,127,3
45,109,39,92,4
397,325,178,146,4
163,83,76,89,3
478,160,105,161,3
241,154,17354,697,3
183,78,193,123,3
2020,105,98,94,4
9,130,120,87,4
13,99,92,92,4
29,108,34,140,4
33,148,662,328,3
379,166,198,78,4
463,144,39,78,3
37,108,70,340,3
1691,253,3010,442,2
132,104,142,221,3
8,123,1842,560,3
8,94,55,86,4
7,98,41,704,4
94,160,19,87,4
25,99,117,104,3
42,113,83,90,3
250,162,125,121,3
66,109,8,154,4
655,118,8,90,4
11,94,63,208,4
12,94,127,115,4
26,142,123,97,3
57,93,35,89,4
39,141,118,149,3
459,185,298,600,3
3,266,353,254,3
204,244,29,80,4
46,89,283,120,4
3,137,372,136,4
4,106,52,360,4
53,81,206,191,4
9,82,83,120,4
128,81,143,169,4
25,421,469,167,4
402,215,128,79,4
87,101,46,206,4
60,83,31,133,4
10,127,27,83,3
249,221,337,107,3
241,129,88,91,4
3,79,128,159,4
19,121,32,112,4
183,178,593,165,2
76,116,317,268,4
777,103,457,775,3
182,171,47,128,3
26,206,13,3033,4
218,147,261,173,3
152,89,99,143,3
20,87,119,182,4
14,80,27,78,4
180,99,105,130,4
112,144,62,102,3
40,80,401,155,3
2,546,91,81,4
78,117,214,386,3
52,145,146,85,4
65,167,262,117,3
12,105,1,87,4
349,85,367,122,3
51,88,98,93,3
79,99,1702,330,3
3464,855,472,237,3
233,150,40,90,4
162,125,94,165,4
53,87,66,129,4
1,1263,15,99,4
101,1280,221,79,3
11,82,537,165,3
1,84,223,86,3
232,551,24,107,4
25,139,52,94,3
36,133,51,83,4
586,109,43,156,2
239,214,678,389,3
45,127,106,96,4
52,88,39,95,4
125,85,63,86,4
1750,445,176,159,2
17,150,7,198,4
7,109,29,81,4
19,113,97,106,4
0,302,25,77,4
12,184,44,89,4
76,182,28,96,3
1,87,180,143,4
227,225,37,95,4
5,160,291,276,3
6,101,74,88,4
256,149,129,112,3
99,125,163,94,4
4,168,96,108,3
797,216,233,148,3
177,133,175,91,3
23,162,47,117,4
0,96,349,180,3
16,89,24,243,3
4,96,5,80,4
28,116,252,132,3
239,110,437,170,3
193,85,20,79,4
53,99,75,207,4
109,116,72,82,4
64,144,2,414,4
20,103,34,87,4
188,93,115,146,4
77,98,109,226,4
79,151,209,203,4
50,106,62,91,3
10,122,28,149,4
24,114,269,114,3
1,91,57,112,4
30,94,98,120,4
29,111,1873,394,3
34,78,104,119,4
165,136,116,107,3
82,318,25,389,3
37,184,598,392,3
6,105,15,94,4
10,109,68,109,4
5,79,127,898,4
3,131,7,82,4
224,109,157,111,3
268,1378,133,133,2
41,79,47,189,4
64,158,46,106,3
19,101,147,180,3
8,1330,72,451,4
2,79,331,368,4
4111,587,131,156,3
108,80,166,102,4
0,125,83,87,4
34,89,361,259,4
256,403,10,83,4
1253,572,59,78,4
113,153,41,77,3
59,95,650,279,3
113,225,228,326,3
7,78,5,373,3
504,92,41,110,4
2,259,1034,324,3
42,107,10,101,3
94,84,86,77,3
6,156,104,104,3
15,118,100,175,4
123,253,28,92,4
39,86,162,89,3
14,102,143,247,4
15,617,3,218,4
3,88,12,89,3
50,130,401,218,3
69,99,50,92,4
15,79,79,144,3
72,146,37,93,3
200,408,470,200,3
17,137,28,102,4
56,86,26,82,4
23,636,952,221,3
390,351,64,106,4
9,103,9,141,4
443,221,1181,359,3
26,80,100,80,3
50,107,36,118,4
89,99,289,257,3
0,599,1511,272,3
104,102,5,95,4
287,149,11,120,4
123,159,86,101,3
25,95,382,96,3
2,113,47,116,4
77,110,25,131,3
11,77,48,82,4
40,117,30,110,4
82,351,10,137,4
224,93,4,109,4
90,115,48,92,4
63,100,189,183,3
100,82,60,139,4
1012,834,134,145,3
86,89,100,182,4
58,108,24,104,4
99,142,45,334,3
332,158,242,105,3
15,87,36,664,4
0,1191,72,118,2
258,98,88,107,4
70,80,1023,332,3
80,199,34,107,4
27,79,7,77,4
108,187,42,78,4
0,93,35,77,4
203,245,35,383,4
118,102,92,110,4
257,233,45,99,4
49,78,174,199,4
44,79,107,108,4
71,85,43,153,4
24,111,66,138,4
2966,510,90,84,3
72,79,18,88,4
79,88,12,634,4
4,168,68,82,4
215,166,56,125,4
649,230,33,83,4
5,80,318,183,3
10,129,980,131,3
5,82,197,203,4
24,90,760,206,3
8,202,25,120,2
58,149,23,100,4
149,169,194,107,3
165,251,19,77,4
261,184,101,131,2
51,83,115,105,3
284,161,940,339,2
70,90,224,270,3
540,186,13,82,4
9,81,61,83,2
38,101,54,85,4
108,114,542,260,3
0,304,193,204,3
141,102,73,81,3
63,95,34,86,3
4,170,65,88,3
108,85,445,235,3
17,98,13,205,4
34,152,737,336,2
57,83,37,81,4
17,142,458,435,3
69,100,314,258,3
161,100,164,101,4
15,120,323,128,4
30,108,719,259,3
15,87,218,379,4
569,252,105,172,4
152,82,55,78,3
132,126,33,111,4
34,83,53,87,3
188,202,323,128,3
584,135,62,96,3
49,83,139,115,4
27,130,23,1089,4
501,364,74,100,3
26,86,273,303,3
13,124,259,306,3
77,169,67,82,4
11,174,46,79,4
17,79,12,137,4
26,145,104,159,3
15,82,86,95,3
9,78,22,89,4
25,83,40,113,2
43,85,330,224,3
1,258,8,124,3
51,92,62,138,3
166,235,28,228,4
108,305,8362,354,2
31,120,5,89,3
221,170,4,89,4
30,375,133,101,3
23,82,155,88,3
0,77,37,212,4
61,475,138,79,3
18,91,270,180,4
53,109,75,309,3
70,83,196,109,2
77,91,457,417,4
23,158,95,141,3
136,98,6,113,4
59,155,88,82,3
56,93,140,287,3
456,130,118,89,3
61,94,209,180,3
28,100,277,82,4
33,80,236,173,3
86,82,11,93,4
3,222,546,182,3
14,95,22,123,4
19,79,111,119,3
52,94,89,131,2
78,81,3,86,4
8,81,168,118,4
163,276,143,109,4
85,83,3093,400,3
112,231,113,173,3
48,82,23,91,4
7,268,62,85,4
104,172,175,169,3
2,220,81,176,4
253,303,59,98,3
906,221,23,96,4
50,183,95,88,3
20,95,78,82,4
74,107,2239,330,3
21,88,13,181,4
59,83,370,373,4
40,296,140,79,4
1900,291,41,89,3
103,81,36,117,4
706,184,46,100,4
8,107,176,81,3
77,106,67,93,3
235,134,10,174,4
2,209,53,218,4
68,115,133,106,3
109,128,67,91,2
18,220,63,79,4
6,94,117,91,3
43,178,10,87,4
30,101,32,83,4
37,91,128,131,4
76,134,143,162,3
77,120,23,79,4
6,80,94,130,3
36,568,20,138,3
98,101,82,195,4
15,477,1110,128,3
80,80,71,118,3
46,107,38,90,4
197,217,113,82,4
28,269,3,743,4
198,79,59,115,4
54,226,58,96,3
26,208,40,127,3
9,89,45,131,4
468,368,61,150,4
59,114,200,126,3
34,95,158,266,2
37,92,178,128,4
35,221,150,97,4
43,78,645,192,4
110,158,265,514,3
67,80,105,110,3
106,398,1955,337,3
77,100,154,94,3
4171,432,427,154,2
5,415,34,91,4
1,110,882,171,3
127,190,33,169,4
30,258,415,144,3
57,88,230,226,3
110,86,66,94,4
0,228,189,95,3
5,320,38,272,3
72,87,22,130,4
7,251,68,187,3
71,176,194,130,3
519,94,25,155,4
149,103,5,195,4
1532,336,41,118,4
58,158,5,219,3
514,248,77,193,4
355,83,230,169,3
527,249,101,97,3
127,112,194,226,4
300,148,41,89,4
3,224,73,154,4
332,366,9,85,4
8,135,241,162,3
101,133,46,94,4
337,112,20,97,4
117,95,76,109,4
19,135,59,90,3
13,221,78,153,4
259,229,29,96,4
1234,236,21,99,4
216,101,127,123,3
15,119,3,207,3
45,95,29,77,4
263,167,4040,202,3
42,131,47,96,3
108,81,25,90,4
126,84,52,99,4
204,367,114,173,3
802,289,26,89,4
206,100,568,373,4
19,118,268,118,4
6,94,181,79,4
259,102,270,171,4
7,102,472,204,3
43,100,143,97,4
17,104,56,156,4
5,99,56,92,3
185,138,21,101,4
16,78,26,493,4
85,132,28,146,4
12,159,9,325,4
8,245,80,95,4
163,85,75,78,4
116,128,68,521,3
25,93,12,79,4
44,90,119,83,3
28,91,18,102,4
1,121,520,154,3
143,106,6681,185,3
84,106,128,80,3
47,94,7,92,4
5,89,113,85,4
182,120,89,438,3
309,180,80,99,4
39,96,110,93,4
31,107,38,316,4
7,90,6,99,4
16,82,97,297,3
27,105,26,111,4
6,115,107,100,3
10,111,37,223,4
11,84,25,814,3
33,80,113,98,3
5,82,64,178,4
330,186,437,259,3
119,296,59,172,4
22,82,39,89,4
5,120,100,145,4
361,217,370,311,3
150,154,100,97,3
10,87,33,144,4
99,125,90,98,4
49,106,342,168,4
31,86,15,82,4
3,208,1110,265,3
291,265,66,110,3
13,79,248,156,4
131,112,49,147,3
146,103,160,124,3
61,111,55,86,3
108,82,72,108,3
102,122,88,145,4
7,82,283,295,3
26,98,52,103,4
123,133,92,78,4
260,167,54,84,3
221,291,118,109,4
567,266,20,340,4
274,114,766,309,2
37,298,33,105,3
174,121,24,95,4
96,192,160,228,4
83,134,52,79,4
420,145,12,102,4
11,108,32,91,4
186,140,621,236,3
4,1392,63,117,3
77,127,22,145,3
17,400,52,102,4
353,146,46,105,3
133,210,178,78,3
173,204,98,124,3
9,95,196,105,4
10,83,53,99,3
111,94,311,236,3
122,120,49,304,4
76,210,15,83,3
127,170,72,119,3
14,303,21,79,3
1734,333,30,185,4
52,221,104,96,4
44,83,82,108,4
125,137,8,155,4
4,77,66,101,4
3,223,43,95,4
4,88,41,105,4
32,194,45,296,3
90,112,29,101,4
30,98,14,187,4
1100,209,224,180,3
134,133,30,527,4
493,337,12,78,3
22,507,30,107,4
10,80,5,80,4
9,81,30,97,4
567,116,18,187,4
4,169,32,126,3
97,116,156,100,4
112,104,148,110,4
79,91,211,946,3
44,116,76,87,3
111,144,3,136,4
1,213,31,81,4
11,92,21,217,3
512,185,100,329,3
148,170,115,88,3
170,90,42,94,4
45,164,3,90,4
22,168,37,476,3
67,84,37,85,4
140,111,58,99,4
16,108,80,180,4
12,88,57,90,4
125,124,123,115,4
8,102,1127,297,4
56,110,669,140,3
203,245,47,107,3
66,108,10,83,3
5,116,56,84,3
223,197,479,304,3
33,87,455,137,4
1,86,17,88,4
178,160,17,134,3
48,86,1,99,4
225,514,28,94,4
22,104,19,114,3
248,106,126,284,4
12,82,183,175,4
62,368,117,196,3
104,92,67,77,3
2,183,68,80,4
86,85,38,83,3
80,102,9,109,4
189,212,611,323,2
27,119,31,278,3
299,509,16,758,3
8,144,57,121,4
23,82,155,93,4
25,79,9,78,4
106,125,13,96,4
164,187,137,247,2
34,132,527,132,4
599,117,367,466,4
43,126,77,169,3
6,159,99,113,4
44,140,95,84,4
2,1651,39,88,3
25,122,270,92,3
27,92,139,114,4
18,96,407,340,4
81,134,25,136,3
187,282,48,113,4
66,115,44,154,4
46,137,390,249,3
16,86,103,158,3
17,179,137,251,3
58,118,56,113,4
99,139,60,85,3
24,247,349,277,3
104,210,54,178,3
19,84,26,91,4
7,87,111,197,3
7,80,189,199,4
217,90,29,154,3
65,114,83,104,4
11,90,459,157,3
30,90,162,213,3
93,123,14,107,3
410,190,719,120,3
195,119,424,273,3
6,330,33,90,4
22,96,115,99,3
63,118,69,106,4
75,131,34,88,4
151,97,18,92,4
37,166,192,141,3
44,83,55,103,4
633,283,34,232,3
61,124,111,87,3
19,92,34,164,4
160,80,71,137,4
24,121,22,89,4
110,112,239,163,3
62,82,100,89,4
417,203,54,110,4
11,125,119,125,3
5,128,3,329,3
56,158,47,121,3
211,118,31,148,4
354,368,110,112,3
7,95,15,88,4
5,88,184,178,3
78,111,78,164,3
840,573,147,82,3
145,92,3745,85,3
37,119,65,98,3
5,146,19,92,3
5,94,156,194,3
25,79,224,117,3
6,81,15,155,4
470,118,15,78,3
42,113,187,97,3
162,93,81,180,4
2,84,364,100,3
307,83,205,79,4
7,282,291,176,3
616,344,444,239,3
59,79,377,293,3
0,89,24,180,4
5,259,127,107,3
282,244,4224,521,3
4,112,5,91,4
930,109,108,87,3
4,118,86,144,3
195,199,74,89,4
12,330,20,81,3
88,103,43,116,3
4,85,40,82,3
94,102,103,140,4
13,135,50,103,4
10,101,90,125,4
19,96,73,91,3
142,148,204,251,3
68,99,786,247,3
1180,356,116,98,4
20,96,47,113,3
71,255,15,159,4
1112,226,96,120,3
138,113,260,102,2
0,313,21,81,3
87,81,9,82,4
55,118,37,85,4
17,84,31,112,4
69,175,620,254,3
1361,328,37,115,4
183,176,227,214,3
297,105,1035,124,3
33,85,18,92,3
5,132,296,941,3
40,116,85,81,4
60,135,6,79,4
47,282,217,157,3
2,108,137,111,3
58,115,93,127,4
24,90,122,129,3
102,184,130,88,4
821,355,45,113,3
2358,246,12,94,4
60,103,140,153,4
3,137,8,102,3
6,147,6,99,4
9,87,49,108,3
60,128,40,86,3
5,181,184,80,4
106,120,33,78,4
16,89,69,78,3
775,179,92,95,3
117,373,111,246,3
8,78,107,105,3
106,129,55,98,3
31,86,77,118,3
1,79,98,89,4
425,314,273,167,4
35,119,408,86,4
14,184,240,174,4
754,159,17,85,3
218,261,20,80,4
3,157,38,78,3
971,345,37,136,3
369,158,29,94,3
274,154,43,77,4
3,296,202,83,3
911,220,13,152,3
32,111,50,77,4
19,85,126,84,3
24,95,76,106,4
46,179,69,122,3
123,160,33,83,4
8,231,35,116,3
258,88,10,119,4
1285,517,80,183,3
147,121,36,88,4
7,449,80,86,4
182,159,183,175,3
168,169,108,92,4
8,125,96,126,4
68,118,183,234,3
936,98,265,191,4
32,85,2610,333,4
2,77,18,138,4
1453,107,378,248,4
30,118,149,187,4
864,154,202,144,3
187,227,29,105,3
199,165,48,97,4
1452,374,83,89,4
5766,563,10,173,3
24,84,68,128,4
42,157,15,97,4
11,85,54,109,4
1509,272,134,152,3
13,101,850,239,3
24,98,1114,129,3
34,94,98,207,3
76,282,150,157,3
107,89,53,81,4
26,191,59,190,3
25,100,834,186,3
3,574,150,113,4
181,117,187,101,3
114,246,2,88,4
9,171,51,107,3
41,115,11,120,4
204,689,28,165,4
132,118,37,182,3
128,147,334,119,3
1982,397,36,113,3
92,211,132,88,3
17,84,277,88,3
139,146,731,295,3
78,108,26,77,4
99,106,5,89,4
44,92,317,93,3
49,89,42,120,4
165,223,34,79,4
41,92,14,87,4
3956,531,56,172,3
178,112,36,91,4
163,147,88,84,4
513,174,33,160,4
82,206,5,87,4
174,156,92,198,4
112,136,279,94,4
2,84,69,82,4
20,81,44,101,2
83,87,30,79,4
698,163,34,84,4
1,156,328,137,3
184,122,90,306,3
122,131,193,127,4
297,147,54,86,3
47,88,39,86,4
231,129,1,184,4
60,81,43,98,4
26,232,77,107,3
15,83,1002,208,3
7,86,371,365,3
15,454,5309,411,2
16,100,104,92,4
7,86,122,163,3
112,78,708,159,3
31,79,40,80,4
55,99,376,244,3
271,210,161,106,4
8,223,89,113,3
90,83,391,119,3
131,105,66,84,3
36,155,10,85,4
6,83,307,168,3
72,109,64,97,3
31,108,164,139,3
1045,355,29,94,4
14,187,59,87,4
5,140,34,82,4
22,104,72,81,4
60,79,37,81,4
38,85,162,213,3
59,85,31,87,4
144,159,55,84,4
101,85,5411,505,3
398,204,260,90,3
162,144,55,109,3
78,119,843,275,3
28,77,787,102,3
6,80,696,327,3
51,87,58,77,4
41,183,727,177,3
294,191,63,106,4
282,281,539,274,3
114,105,84,89,3
7,192,70,91,3
12,83,1264,316,2
10,137,51,96,4
57,85,60,80,4
564,239,4,132,4
28,115,67,123,4
0,86,54,95,3
39,79,636,310,3
291,155,731,323,3
142,93,126,101,4
370,201,150,84,3
598,181,88,106,3
363,280,150,143,3
9,159,55,113,4
11,80,12,92,4
8,88,19,81,4
134,125,182,159,4
48,231,341,146,4
96,257,137,639,4
60,187,7,142,4
95,117,90,118,4
67,116,4826,308,3
86,100,84,120,3
43,90,91,153,4
11,93,6,184,4
153,284,102,231,3
76,79,744,129,3
131,125,340,244,3
184,102,76,148,4
551,136,47,97,4
53,128,53,87,3
2857,409,39,86,4
167,100,30,102,3
17,78,156,223,4
223,180,60,114,3
75,123,76,78,4
165,144,126,175,4
56,83,93,94,4
51,100,78,103,4
27,221,107,81,3
42,85,486,181,4
43,125,229,168,4
43,96,11,101,4
40,99,58,195,4
268,169,528,216,3
82,95,288,122,4
2,179,41,81,4
35,205,116,148,4
56,93,46,103,3
71,90,14,143,3
3,79,413,148,2
9,88,21,85,4
6,2080,1,183,4
722,370,397,87,3
216,167,18,178,3
120,118,7,192,4
111,87,16,84,4
29,93,31,96,3
110,87,46,80,4
568,159,91,107,4
23,98,99,112,4
7,120,68,88,4
270,207,72,122,3
195,153,100,79,3
124,91,456,170,3
651,119,616,344,3
1,155,425,555,3
28,116,51,112,4
51,106,39,102,4
73,116,86,238,4
246,129,153,307,4
30,105,12,78,4
562,197,339,89,4
179,135,122,458,3
9,82,159,256,4
83,99,39,97,4
107,157,40,90,4
277,91,113,144,4
160,77,334,198,3
61,103,37,376,3
66,440,581,192,2
31,129,31,107,4
52,95,33,95,4
65,80,9,107,4
66,120,35,99,4
73,137,274,102,3
7,90,522,231,3
3,155,86,108,3
115,143,23,77,3
19,88,69,112,3
22,138,976,161,3
164,231,265,175,3
413,472,76,123,3
369,254,240,170,3
4,128,12,93,3
47,91,974,173,3
229,151,23,241,4
14,132,74,101,3
369,222,35,118,4
18,83,25,198,4
55,99,122,198,3
127,124,516,338,3
174,79,61,103,4
80,177,111,81,4
7,122,73,85,4
363,107,27,117,3
25,77,58,116,4
7,82,27,198,4
103,133,218,214,4
24,218,12,87,4
12,123,332,186,3
149,108,110,106,4
23,126,11,144,4
91,278,542,216,3
150,286,5,117,3
193,106,149,100,3
64,96,95,93,4
43,152,274,91,4
175,132,61,88,4
51,121,122,128,3
71,82,70,95,3
1149,222,252,111,4
250,250,199,331,4
21,149,31,86,4
20,118,25,78,4
9,106,16,106,4
39,277,121,495,3
20,96,45,98,3
74,78,97,182,4
61,104,59,237,4
71,96,52,85,4
59,129,529,108,3
149,84,276,127,4
74,144,11163,600,3
83,83,41,161,4
15,124,18,113,4
214,115,404,245,4
81,104,123,188,4
80,175,29,99,4
129,144,45,77,3
63,162,205,223,3
82,82,449,155,4
299,269,259,298,2
47,88,96,156,3
179,257,175,124,3
3,309,665,352,2
220,108,238,198,3
255,93,108,84,4
98,81,1185,288,2
6,110,281,100,3
21,505,126,87,3
3,151,140,124,3
34,78,10,156,4
82,80,572,418,3
3,101,130,155,4
44,110,465,393,3
24,96,27,127,4
200,102,251,118,4
315,211,103,82,4
57,121,1957,439,4
0,139,29,83,4
61,105,4,147,4
5,123,9,245,4
157,102,18,170,3
556,175,5,105,4
144,90,46,81,4
789,822,102,110,3
119,149,12,119,4
13,96,66,100,3
67,78,2384,370,2
323,218,3905,125,3
8,88,178,582,3
59,78,95,168,4
21,91,39,125,4
87,161,154,147,4
51,84,651,95,3
128,80,175,135,3
20,95,38,510,3
495,211,111,112,3
393,115,181,99,4
14,155,170,179,4
193,138,195,81,4
48,82,29,118,4
94,172,24,81,4
223,119,28,81,4
15,134,84,96,3
7,531,16,97,4
145,93,93,86,4
5811,297,87,79,4
345,124,549,128,4
100,107,62,110,3
25,117,242,141,3
11,517,88,109,3
107,192,115,208,3
121,112,54,78,4
122,82,22,92,4
20,168,51,89,4
32,227,12,135,4
92,87,277,281,3
1,233,118,138,2
20,93,134,136,4
209,126,64,154,3
527,100,158,175,4
53,106,338,86,3
266,85,3,148,4
102,84,78,109,4
1143,172,29,80,3
7,83,86,83,4
13,990,17,79,4
57,173,1518,399,3
32,83,46,127,3
19,82,20,558,4
168,176,91,131,3
6,80,52,85,4
3,265,33,92,3
316,177,100,133,4
28,95,114,141,4
1970,571,85,117,4
284,123,25,83,4
269,120,22,78,3
3,80,113,149,4
970,311,87,169,3
12,239,544,284,3
10,89,218,536,3
249,98,105,229,3
116550,1440,396,260,3
140,122,98,121,3
116,89,43,106,3
66,86,14,103,4
5,115,95,115,4
36,88,59,83,4
262,110,39,231,3
23,119,2,421,4
111,84,71,104,3
7,81,59,114,4
165,113,15,231,4
22,87,7,86,4
104,91,244,85,3
135,127,366,114,3
80,83,79,92,4
50,88,22,96,4
5,80,162,82,4
19,89,202,80,4
171,142,196,101,3
44,83,222,98,3
60,151,345,102,3
53,86,35,96,3
10,138,520,157,3
5,87,71,124,4
57,110,82,79,4
374,340,83,118,3
7,78,4,106,4
26,99,942,84,3
66,294,207,349,3
126,93,595,153,4
5,124,69,109,4
175,278,388,269,3
22,178,18,82,4
63,80,99,94,3
51,87,14,96,2
499,165,13,84,4
5,98,13,87,4
249,157,76,130,4
40,136,63,93,4
33,79,4,89,4
80,80,15,86,4
501,206,40,92,3
195,111,3,81,4
55,134,199,185,3
166,176,99,93,3
292,126,73,137,4
30,102,22,424,4
67,117,47,134,4
55,262,55,185,3
18,150,328,185,4
190,171,107,114,4
23,108,44,159,4
117,129,51,116,4
99,175,79,96,4
463,229,143,94,3
54,104,99,105,3
257,103,116,82,4
76,134,165,250,3
41,152,90,132,4
38,113,223,77,4
197,198,105,101,3
245,79,329,268,4
38,97,8,113,4
17,118,383,144,4
6,85,32,108,4
10,80,77,93,4
217,231,387,264,3
21,170,501,206,3
152,109,42,92,4
1394,369,47,89,4
7,499,26,86,4
86,305,76,124,3
177,88,95,167,4
1594,484,178,105,3
9,145,641,127,3
694,85,173,192,3
16,664,70,86,3
7,308,47,92,3
56,176,248,164,4
22,96,334,461,4
28,87,134,242,3
398,269,34,83,4
145,85,120,123,3
103,141,142,94,3
117,127,4793,246,3
48,85,62,97,3
209,181,181,134,4
612,159,389,216,4
17,156,352,215,3
43,152,23,80,4
144,145,389,107,3
178,86,18,132,3
238,198,84,154,3
22,122,60,103,4
62,213,134,116,4
22,94,60,98,3
363,344,19,78,4
7,137,283,189,3
103,361,166,111,3
921,232,134,238,3
23,79,357,303,3
83,85,44,302,4
268,147,177,169,3
40,92,3491,444,3
286,139,5,85,4
12,673,28,127,4
69,117,28,104,4
22,118,27,593,4
894,221,1009,131,3
149,323,54,82,4
177,232,163,107,4
761,183,57,78,3
117,92,362,183,3
14,82,126,110,4
110,110,94,149,3
41,132,146,82,3
255,77,12,84,4
9,363,542,216,3
187,95,4,109,4
36,105,1027,272,3
7,129,12,96,4
7,80,41,97,4
563,244,571,345,3
43,84,42,120,4
156,183,306,185,3
11,187,57,137,4
56,78,52,103,4
8,96,173,144,4
17,120,65,90,3
50,81,3579,411,3
65,83,84,98,4
1,193,558,236,3
17,83,198,213,3
3,696,2,280,4
190,240,43,80,4
22,88,4,81,4
59,77,206,115,3
26,131,72,93,3
138,191,119,136,3
52,92,95,647,4
30,146,172,110,3
55,121,30,109,3
40,179,106,90,4
23,107,16,124,4
3,83,23,106,4
18,78,38,117,4
105,130,258,293,4
165,145,39,110,4
178,146,24,139,3
55,80,588,398,3
54,110,702,245,3
657,175,32,168,4
13,99,218,189,3
33,101,181,187,4
66,83,63,79,4
16,84,14,85,4
58,109,75,79,4
77,118,1464,168,3
119,212,9,79,4
89,97,3317,242,3
90,103,117,99,4
152,109,23,81,4
85,125,717,118,3
22,111,97,105,4
91,124,509,240,3
53,86,532,251,4
5192,137,223,106,3
29,167,3267,254,3
126,193,79,95,4
79,107,49,82,3
144,93,105,92,4
11,82,17,125,4
68,118,104,122,3
8,93,398,380,4
27,88,11,95,4
225,224,19,86,4
15,129,75,213,4
8,118,11,89,4
17,81,131,156,4
103,162,98,105,3
47,85,5,152,4
22,96,462,148,4
204,108,48,84,4
182,85,104,98,3
62,83,1926,185,3
55,80,13,123,4
649,226,35,105,3
15,87,24,460,4
26,105,202,98,3
26,237,534,336,3
37,80,102,141,4
70,95,41,233,3
3,183,34,171,3
172,109,297,213,4
160,126,506,209,3
112,109,4592,115,3
47,181,215,170,4
23,91,254,248,4
32,159,392,236,3
20,92,181,246,4
22,97,154,158,4
174,341,10,86,4
123,114,3900,168,3
22,104,302,183,4
45,157,194,168,4
611,92,153,89,3
7,94,342,218,3
404,1054,183,241,3
241,104,239,101,4
173,83,628,211,4
6,129,401,95,3
449,220,6,166,4
9,102,415,379,3
19,140,471,150,3
191,148,201,136,4
5,88,738,426,4
132,95,122,87,4
8,190,28,169,4
510,607,88,86,4
88,82,140,183,4
12,99,112,146,4
6,194,344,404,3
58,87,21,118,4
116,109,63,196,4
12,116,130,134,4
142,122,438,118,3
94,189,60,125,4
242,239,181,101,4
2,127,6,97,4
7,82,1147,122,2
2,158,50,118,4
51,153,70,106,3
13,80,81,104,4
32,193,181,154,4
865,108,42,87,4
82,79,233,241,4
20,92,39,83,4
99,116,27,90,4
31,139,203,152,3
8,79,249,199,4
18,93,160,253,3
35,110,139,81,4
72,81,130,92,4
17,80,338,110,3
6,105,82,103,4
72,77,102,348,4
25,90,109,86,3
24,106,68,89,4
46,96,103,171,4
31,270,110,325,4
1,109,89,84,4
67,94,17,80,4
141,91,6,195,4
259,130,92,91,4
151,88,10,91,4
92,82,94,95,4
145,120,9,104,4
33,109,45,125,4
40,82,40,94,4
269,253,40,101,4
731,246,21,116,4
24,92,12,81,4
39,89,336,131,4
364,191,169,102,4
1,178,94,86,4
85,114,30,98,4
467,92,214,156,4
10,156,150,89,3
20,112,26,92,4
41,80,533,94,4
53,399,378,192,4
154,170,36,143,4
136,104,28,144,4
4,243,128,82,4
108,126,55,96,4
38,83,62,233,4
13,111,134,116,4
21,97,409,99,3
86,91,656,350,4
109,126,12,101,4
872,215,223,399,4
45,80,218,103,4
4,80,58,82,4
37,119,57,96,4
273,105,41,89,4
14,82,61,159,3
4,129,88,218,4
53,82,75,191,4
203,92,198,260,4
213,151,9,77,4
270,137,1042,331,2
555,156,172,113,4
57,86,36,127,4
36,150,10,119,4
4,93,196,130,4
24,89,22,88,4
22,100,1271,78,4
12,95,203,159,4
263,288,25,120,4
1,85,134,89,3
121,94,247,110,3
21,85,28,99,4
211,200,108,85,3
45,90,42,136,4
153,113,129,181,4
3,91,131,287,4
68,89,38,94,3
1,107,59,140,4
219,138,8,110,4
13,115,133,107,4
124,93,40,90,4
41,215,30,107,4
1,140,293,146,4
33,78,475,171,3
105,122,59,105,4
5,252,385,117,4
5,81,89,100,4
18,90,1,166,4
43,166,17,111,4
4,124,145,175,4
89,91,297,242,4
1,101,704,353,3
8,82,122,138,4
44,138,44,135,3
76,118,89,127,4
61,109,16996,675,3
24,104,257,110,4
233,242,12,89,4
2,266,132,86,4
56,123,39,182,4
132,79,31,104,4
14,92,53,100,4
92,236,960,226,3
51,88,820,109,4
17,311,49,90,4
9,134,272,84,4
31,98,297,193,4
166,136,160,104,4
14,111,87,88,4
1,139,497,85,4
579,141,4,85,4
315,304,50,112,3
255,149,90,92,4
27,101,47,129,4
15,524,65,128,3
5,78,296,102,4
4,182,335,332,3
41,142,87,249,3
103,119,54,80,4
122,102,290,121,3
14,83,65,150,4
273,152,34,256,4
154,126,32,112,4
78,111,40,144,4
8,251,47,77,4
68,128,425,131,4
13,113,352,290,3
66,149,166,106,4
50,100,160,227,3
8,111,295,181,3
11,80,96,108,4
51,502,35,109,4
161,428,102,150,4
31,144,144,90,4
36,97,3,102,4
150,146,1778,410,4
31,79,230,171,3
682,265,7,136,4
966,211,1548,241,4
761,228,51,127,4
22,122,1,92,4
38,107,352,126,3
43,91,10,191,4
102,87,125,119,4
168,241,24,137,4
1,158,268,130,4
15,185,163,150,3
114,366,41072,810,2
61,118,49,91,4
174,95,110,153,4
28,107,198,157,3
4,83,46,107,4
61,101,16,79,4
362,216,139,130,4
38,124,142,192,3
10,117,5,249,4
82,109,572,109,3
261,202,106,96,3
0,233,569,326,4
99,102,28,114,3
462,201,180,85,3
97,80,1,213,4
33,79,57,81,4
1,129,64,80,3
23,208,69,125,4
34,85,40,90,4
77,137,175,121,4
18,78,20,79,4
33,109,258,95,4
63,129,5,80,4
3,82,434,194,4
2,422,10,88,4
14,103,31,89,4
85,138,101,81,4
26,92,31,81,4
830,158,197,197,4
43,90,11,86,4
6,190,2,88,4
25,299,13,133,3
96,135,1537,366,3
119,124,908,193,4
10,82,36,81,4
74,84,30,118,4
6,82,680,229,4
16,85,1431,178,4
14,111,14,145,4
3,173,29,85,4
4,104,57,95,4
106,116,92,121,4
31,87,51,83,4
145,93,182,155,4
112,140,126,203,4
10,226,14,85,4
108,141,18,80,4
118,99,122,139,3
113,150,81,78,4
23,78,23,128,4
28,90,86,102,4
11,192,1243,285,3
6,106,111,233,4
83,146,48,153,4
48,79,13,94,4
296,126,58,94,4
12,108,206,144,4
18,124,540,102,4
445,116,48,165,4
596,233,24,103,4
196,188,147,171,2
93,120,448,100,3
21,143,93,152,4
693,211,10,167,4
8,89,129,123,4
61,82,118,200,4
0,160,26,200,4
68,80,159,114,3
58,89,124,140,3
107,80,256,352,4
99,113,1358,438,4
90,119,637,91,3
55,86,177,244,3
224,105,66,122,4
359,146,479,101,4
140,80,48,78,4
100,100,77,140,4
11,82,33,162,4
60,111,319,122,4
82,159,30,369,4
14,82,2523,583,3
33,163,648,159,4
101,270,50,104,4
92,104,1039,678,4
55,262,54,110,4
409,163,48,119,4
3,84,114,97,4
1658,215,6,228,4
61,166,110,142,4
95,124,31,86,4
38,79,1524,319,4
3,93,37,92,4
34,128,62,88,4
15,143,3107,721,4
58,101,13,171,4
11,91,141,105,4
248,145,307,114,4
35,112,2,532,4
122,159,136,122,3
6,164,48,346,4
13,113,145,118,4
31,345,73,376,4
19,137,53,98,4
147,98,91,93,4
21,98,118,85,4
11,103,14,112,4
211,161,130,96,4
85,281,28,85,4
328,274,59,99,4
13867,536,50,95,4
1,132,2643,340,4
275,272,126,168,4
47,89,5,229,4
560,117,174,111,4
13,90,12,79,4
8,121,19,114,4
149,271,168,190,4
823,241,43,85,4
8,85,14,171,4
244,136,55,171,4
140,86,25,475,4
35,78,271,332,4
88,235,25,219,4
105,82,89,114,4
27,97,250,94,4
617,195,3,114,4
118,86,785,193,4
2,232,8,123,4
156,142,203,102,3
41,114,59,78,4
51,114,30,83,4
188,121,14,270,4
502,186,1726,100,2
504,147,15,122,4
17,96,290,111,4
19,86,123,151,3
57,81,85,79,4
12,95,102,150,4
36,119,41,79,3
40,85,368,197,4
59,101,556,265,4
3,84,250,126,4
41,96,86,125,3
162,218,71,92,4
108,212,73,110,4
43,104,89,82,4
381,130,6,80,4
50,118,103,80,3
2,142,53,123,4
355,101,349,270,4
6,112,136,138,4
63,77,180,120,3
36,131,128,97,4
3,130,653,263,4
49,77,190,117,4
223,196,117,112,3
104,134,36,106,4
11,124,201,178,4
837,453,101,138,3
57,183,203,138,3
33,98,200,224,3
64,120,97,381,4
80,80,133,99,4
3918,457,2223,252,3
63,119,29,339,4
106,182,90,145,4
6,117,23,85,4
88,103,275,144,4
15,96,109,85,4
460,101,517,155,2
36,117,165,149,4
36,83,37,110,4
97,124,286,157,4
229,134,28,91,4
56,119,1381,344,4
11,83,108,93,4
42,191,125,144,4
138,139,11,118,4
30,211,108,85,3
56,107,59,112,4
5,100,10,82,4
22,102,7983,483,4
21,104,939,162,4
175,121,18,82,3
11,93,117,92,3
37,169,60,135,4
36,81,156,179,4
1,236,140,124,4
65,105,66,117,4
34,102,13,227,4
344,79,237,130,3
24,86,142,113,4
23,85,468,250,4
37,234,132,153,3
22,134,89,151,4
67,102,26,82,3
3,697,923,164,4
151,104,33,87,4
7,93,257,91,4
47,97,70,243,2
259,124,314,140,4
8,82,9,82,4
1267,498,65,80,4
150,298,43,100,3
125,95,470,161,4
58,141,37,93,4
10506,147,156,156,4
1,99,219,175,3
10,93,56,125,4
204,130,43,81,4
7,93,107,95,4
1197,183,295,208,3
47,155,30,107,4
7,78,85,87,4
1,193,14,111,4
5395,645,18,102,4
18,95,198,85,4
11,92,37,86,4
220,230,136,135,4
18,234,46,349,4
45,95,70,135,4
1753,201,44,132,4
120,113,9025,663,2
92,240,621,235,4
17,126,128,79,4
199,136,155,232,2
28,158,88,124,3
123,93,5,106,3
11,90,36,120,3
107,449,37,202,4
259,126,154,152,3
39,95,198,257,4
91,240,351,143,4
53,78,9,89,4
24,122,920,171,3
6,179,142,197,4
23,79,142,94,4
53,100,80,129,4
10,84,111,83,4
991,174,13,82,4
106,117,8,96,4
322,109,2517,131,3
7,121,81,82,4
43,97,95,209,4
25,83,226,280,4
187,101,2706,531,3
217,89,311,141,4
198,158,116,91,3
417,161,171,107,3
113,87,175,134,4
64,138,199,293,4
45,99,364,161,3
50,137,23,164,4
50,96,126,126,3
256,111,187,210,4
10,148,143,128,4
52,802,77,247,4
5,129,58,157,4
4,78,392,117,3
146,90,150,144,4
197,166,550,234,4
415,111,15,166,4
128,168,697,607,4
120,285,715,212,4
20,77,244,106,3
49,278,409,151,3
95,156,10,138,4
106,99,51,78,4
61,77,1361,522,3
22,81,112,191,4
26,123,11,91,4
1983,202,184,177,4
208,367,61,100,3
7,134,270,300,4
12,1074,46,81,4
54,298,45,85,4
37,92,58,95,3
16,143,5,113,4
10,205,41,90,4
111,156,21,1111,4
14,91,304,163,3
216,116,1029,201,4
158,107,48,121,4
12,87,646,229,3
45,122,115,377,4
44,86,1101,142,4
47,266,139,148,4
26,154,737,178,4
44,175,29,78,4
55,110,3,97,4
31,112,52,84,4
29,102,366,164,3
132,194,27,99,4
63,94,1577,349,4
105,107,189,89,4
162,90,10,83,4
6,77,4,365,4
64,78,27,94,4
16,155,70,100,4
17,142,19,108,4
28,85,489,123,3
1954,115,38,93,4
313,241,201,84,4
32,121,235,208,4
93,123,223,141,4
28,329,215,163,4
69,437,2578,254,3
7,81,56,235,4
12,79,133,78,4
18,117,402,107,4
73,98,58,84,4
10,143,74,125,3
34,91,219,107,4
81,83,85,82,4
92,83,769,224,3
7,109,161,86,3
34,86,202,143,4
10,138,398,265,3
131,192,176,116,3
105,253,10287,405,3
618,158,12,309,3
11,93,515,143,4
80,104,100,117,4
24,93,9,231,4
97,140,58,156,4
6,103,93,135,4
57,97,111,108,4
17,81,468,234,4
36,164,16,110,4
16,175,1974,562,4
1,80,24,92,4
64,116,91,107,4
2,156,164,143,4
139,130,57,88,4
6,311,96,161,4
43,96,33,103,4
2,92,365,100,4
56,88,595,223,4
340,78,19,123,4
10,347,173,136,3
52,116,8,108,4
35,140,21,86,3
79,234,47,98,4
334,352,51,155,3
6,79,57,90,4
74,82,44,340,4
51,78,48,89,4
49,146,323,91,4
90,92,115,77,4
102,132,62,134,4
654,155,24,113,4
3,103,10,122,4
4,242,21,96,4
22,424,246,265,3
137,132,69,140,4
13,80,241,293,4
216,159,14,186,4
1520,123,115,193,3
63,82,132,142,4
45,111,2512,80,3
129,102,136,110,4
585,271,641,82,4
99,124,52,82,4
26,82,574,226,4
140,110,16,83,4
52,82,269,151,3
11,86,78,96,4
45,193,114,78,4
140,189,249,116,4
54,106,35,103,4
38,82,332,258,4
150,182,122,131,4
46,132,154,97,4
33,97,88,118,4
3,242,131,100,4
19,174,255,96,3
62,138,98,92,4
181,106,4,97,4
79,100,389,131,3
0,82,40,97,3
11,83,269,175,3
42,89,201,78,4
98,80,147,106,3
11,108,52,80,4
11997,690,331,162,3
104,90,2774,192,4
183,78,8,82,4
220,80,101,156,3
70,89,48,141,3
73,223,8,309,4
275,444,22,97,4
50,106,5,110,4
57,160,452,104,4
0,93,72,118,3
101,88,226,81,4
23,130,75,89,4
7,99,939,195,2
25,266,122,224,4
2503,111,174,86,4
135,138,40,471,4
44,92,56,81,4
9,80,401,155,3
47,156,127,189,4
83,84,145,128,4
39,100,79,98,4
85,94,99,88,4
70,135,185,159,4
73,105,7,78,4
2252,491,119,133,3
126,148,101,121,4
136,323,206,263,4
269,89,56,108,4
725,157,286,241,3
98,156,108,158,3
73,103,140,84,4
229,123,105,193,4
35,90,24,136,4
118,97,294,188,3
97,79,421,130,3
75,82,7,133,4
400,160,122,119,4
50,89,39,83,4
76,173,1468,289,3
75,93,227,171,4
222,98,127,104,3
33,82,686,171,4
6,98,72,136,4
3,384,132,79,3
3,378,18,90,4
101,98,225,113,3
38,94,29,93,4
90,128,22,122,4
16,78,72,96,4
181,137,153,78,3
114,120,147,109,3
56,96,33,168,4
120,140,25,80,4
43,148,211,120,3
408,325,30,200,4
11,206,938,216,3
15,97,64,80,4
28,81,148,88,3
7,107,14305,862,3
129,115,52,89,4
73,79,65,101,4
415,88,107,108,4
29,107,28,95,4
54,83,326,132,3
0,221,47,97,3
225,90,145,194,4
0,100,88,99,3
221,82,102,85,4
54,81,126,133,4
5,121,168,83,4
93,85,825,99,4
283,78,31,108,4
890,78,25,108,4
15,117,18,1156,4
22,177,19,343,4
3,230,54,155,4
2,79,353,254,3
7,91,19,149,4
3,79,266,146,4
22,79,6,152,4
477,222,16,86,4
14,122,186,339,4
18,83,44,91,4
532,309,36,92,4
40,124,359,151,4
473,206,152,104,4
225,112,26,137,4
56,90,16,81,4
1,107,90,116,3
8,89,359,111,4
44,95,255,323,4
74,103,15,125,4
10,93,5,110,4
59,96,48,140,4
126,83,192,109,4
3,116,211,90,4
164,226,6,78,4
2,86,198,134,4
52,145,109,88,4
114,166,59,99,4
906,192,92,107,4
78,106,112,202,4
187,130,39,178,4
0,99,124,155,4
12,381,21,105,4
43,98,20,82,4
4,149,14,87,4
11,96,368,164,3
12,491,239,121,4
66,95,18,98,4
15,84,352,156,3
14,89,48,489,3
29,178,1973,439,3
10,136,204,99,3
45,82,9393,389,3
24,106,64,85,4
2,157,120,79,4
487,440,927,270,3
214,184,126,129,4
6,83,32,81,4
219,226,94,117,4
150,97,75,98,4
18,91,109,363,3
849,224,83,140,4
0,931,243,149,4
28,102,126,119,4
4,184,80,137,4
3081,563,204,160,2
457,165,156,128,3
88,105,52,148,4
84,129,5,269,4
356,129,127,165,3
105,83,112,96,4
104,122,112,109,4
15,157,192,259,3
27,92,7,77,4
39,126,41,170,4
2,107,123,149,4
129,193,502,186,4
2,87,571,227,4
574,226,37,86,4
27,128,9,106,4
398,292,82,125,3
334,554,89,240,4
2563,258,49,149,4
148,105,40,86,4
164,167,19,89,4
106,125,984,124,4
84,145,146,237,3
1003,188,163,159,4
19,87,57,145,3
8,109,127,140,4
2928,323,50,183,3
79,165,20,91,4
3,174,88,98,4
21,557,59,112,4
28,114,34,133,4
5,461,88,216,4
84,922,47,79,3
5,268,106,78,4
38,87,9,218,4
148,330,71,86,4
71,108,134,182,3
440,97,18,281,4
21,230,28,80,4
48,90,129,116,4
64,111,519,228,4
65,83,304,103,4
50,86,153,230,3
12,202,49,95,3
10,109,291,128,4
3,91,37,134,4
37,674,143,716,4
292,421,14,81,3
137,100,4,105,4
93,155,51,89,4
158,153,17,88,4
83,104,586,310,4
261,95,69,90,4
472,724,20,208,3
108,78,421,115,3
393,487,113,83,4
69,99,3097,307,3
41,86,238,168,4
293,189,122,171,4
1155,314,475,855,4
1283,232,51,82,3
149,135,73,120,4
228,134,260,190,3
856,235,9,84,4
221,91,57,83,4
10,101,59,96,4
440,148,4,88,4
16,213,100,102,3
240,203,84,130,4
2,268,64,792,4
55,80,36,88,4
127,92,347,244,3
174,109,271,163,3
419,179,909,465,4
4,99,124,86,3
78,124,33,86,4
32,110,352,151,3
196,333,131,851,4
14,233,182,204,4
10,100,159,112,4
40,117,103,121,3
77,99,414,136,4
2,115,43,86,3
149,116,40,80,3
2,295,23,90,4
4,80,90,84,4
167,157,339,153,4
181,134,25,89,4
69,133,22,129,3
11,509,159,130,3
220,86,68,97,4
280,120,290,132,4
39,121,217,144,4
2,106,31,97,4
48,128,48,87,4
5,427,83,147,3
37,88,9,79,4
44,104,288,225,4
4,82,29,77,4
17,106,1376,116,4
0,81,114,123,4
34,86,101,117,3
29,77,101,338,4
3,1189,10,130,4
69,128,41,92,3
1227,467,30,217,4
256,172,164,115,4
69,91,26,185,4
5,106,422,242,3
34,227,114,82,4
3,157,8,116,3
1694,267,25,192,4
72,177,32,295,4
95,105,178,187,3
16,235,261,228,4
8,79,29,211,4
37,396,89,197,3
65,144,44,80,4
637,140,11,88,4
104,181,143,170,4
78,86,25,111,4
157,123,219,129,3
53,82,22,104,4
453,344,174,138,4
403,142,235,120,4
343,331,135,85,4
17,79,34,96,4
335,119,239,78,4
22,96,57,78,4
2,500,2068,304,4
428,194,792,118,4
12,78,446,253,3
39,91,32,87,4
22,105,72,87,4
231,199,34,94,4
94,83,342,131,4
34,90,175,576,4
76,89,6,85,4
3091,249,397,291,4
258,166,150,106,4
91,108,1182,297,3
224,223,76,107,4
121,148,53,81,4
19,152,22,96,4
37,90,112,84,4
214,187,63,140,4
148,116,1314,197,4
164,191,64,148,4
40,113,173,104,4
471,160,132,79,4
46,80,338,191,3
65,125,96,84,3
185,121,33,119,4
1102,311,7,94,4
28,143,181,127,4
165,155,177,163,4
203,202,508,271,3
28,83,13,109,4
96,95,76,115,3
155,291,177,81,4
63,372,63,126,4
5,89,489,81,3
32,104,9,112,4
1,101,127,95,4
62,445,29,82,3
82,149,8,85,4
104,82,1251,142,4
92,160,42,125,4
90,80,13,163,3
34765,150,124,80,2
204,230,622,330,3
99,204,117,134,4
18,172,305,209,4
27,127,110,226,3
28,165,76,83,4
7,105,180,99,4
156,144,68,142,4
49,114,52,100,3
149,102,114,120,4
48,113,2494,77,3
147,609,92,205,4
89,80,14,96,4
3,258,124,126,3
321,196,44,80,4
74,84,8,101,4
1842,210,110,163,3
8,96,3,350,4
99,110,59,107,4
93,135,259,91,3
28,126,25,306,3
66,85,23,244,4
78,81,206,223,3
21,95,66,78,4
36,111,24,89,4
61,133,179,107,4
411,115,29,89,4
152,761,324,236,4
18,84,236,164,4
84,110,52,133,3
7,174,42,101,4
96,172,19,194,4
12,82,53,86,4
173,187,8,202,4
3,124,34,87,4
15,77,36,134,4
43,134,19,116,4
11,123,28,87,4
117,103,231,95,3
448,249,25,81,4
93,139,497,126,4
152,336,77,102,3
342,238,283,192,3
62,87,11,96,4
151,94,48,258,4
463,229,52,77,4
99,81,202,154,4
22,959,59,137,4
31,88,42,82,4
24,98,125,235,4
4,248,40,122,4
58,82,103,88,3
57,98,131,96,4
77,191,28,125,4
143,117,23,77,4
89,156,55,101,4
167,151,46,226,4
49,179,125,94,3
86,87,39,98,4
24,77,29,99,4
53,104,632,97,3
45,120,261,141,3
10096,944,204,104,4
9,98,124,114,3
116,114,191,81,4
7,112,4800,528,3
26,86,28,107,4
13,308,15,83,4
157,109,1,410,3
267,221,30,78,4
19,88,63,96,4
15,83,13,5721,4
31,140,904,233,3
30,77,759,261,3
5,86,757,328,4
5,97,25,87,4
58,78,49,95,4
2,81,252,231,3
191,166,147,93,4
73,105,21,1401,4
6,210,38,153,4
3,167,306,111,3
141,77,597,262,4
70,130,25,129,4
24,87,40,92,4
35,89,71,102,4
19,247,127,99,4
61,130,56,78,4
57,86,43,85,4
487,136,121,121,4
117,234,120,153,3
19,87,102,89,4
3,465,85,87,4
1,93,12,186,4
35,209,166,137,4
407,107,73,90,4
1209,295,639,95,4
69,128,26,87,4
76,117,329,79,4
8,350,12,100,4
0,79,206,111,4
84,81,17,257,4
67,89,29,78,4
310,111,6,842,4
94,129,185,120,3
81,380,7,83,4
27,100,244,142,4
22,94,369,202,3
61,166,164,171,4
30,183,290,200,3
69,131,211,134,4
76,206,322,233,4
112,84,28,191,4
139,190,435,349,3
19,129,492,119,4
1679,339,13,80,4
35,104,18,88,4
19,117,83,150,3
95,133,13,80,4
6,93,27,114,4
199,78,148,95,4
115,378,43,78,4
235,108,409,149,3
201,116,33,81,4
42,230,60,101,3
19,96,34,93,4
1296,138,860,216,4
113,90,730,872,3
47,122,89,154,4
42,86,538,187,3
42,112,7,120,4
12,111,30,77,4
29,85,128,261,3
92,89,910,89,3
74,121,176,110,4
70,128,50,126,4
722,235,17,128,4
2,77,142,95,4
61,114,689,134,3
55,234,78,112,3
47,147,253,282,4
2,84,658,196,3
81,149,8,286,3
47,104,369,158,4
284,260,181,158,4
14,98,198,193,4
320,93,52,110,3
111,113,131,184,4
57,182,314,185,3
38,79,58,83,4
62,93,14,114,4
13,98,21,79,4
208,98,121,79,4
6,123,35,107,4
48,89,303,79,4
61,134,2,220,4
213,88,52,90,4
23,85,177,213,3
107,151,26,97,4
137,127,13,94,4
0,294,41,94,4
116,294,5605,382,4
9,86,38,79,4
116,123,24,116,4
238,310,72,93,4
144,77,23,138,4
23,178,468,254,3
806,147,10605,611,4
3,235,142,89,4
3025,308,4,82,3
91,205,1706,309,3
277,96,215,196,4
32529,542,59,109,4
135,152,191,173,2
1381,375,56,142,4
21,184,91,88,4
50,88,62,81,4
95,105,737,296,3
39,80,114,111,4
6,94,56,77,4
36,108,28,89,4
0,448,146,107,4
14,79,73,150,4
306,200,227,120,4
15,104,81,94,4
83,80,24,83,4
29,78,34,84,3
102,81,409,106,4
216,115,109,174,4
125,92,134,153,4
450,115,44,112,4
19,215,33,90,4
12,102,21,87,4
175,296,127,110,3
87,111,170,109,4
163,127,62,90,4
51,125,9,120,4
639,284,144,83,3
9,80,360,174,4
65,97,761,210,4
9,100,116,137,3
112,123,12,314,4
354,86,11,80,4
8,109,37,102,4
44,77,141,122,4
86,110,57,79,4
131,77,1441,254,3
41,80,68,104,4
439,168,47,94,4
69,96,202,175,3
45,170,234,147,4
62,297,2,100,4
377,263,720,214,3
4,105,63,352,4
8,205,159,103,3
5,98,106,146,4
18,103,83,83,4
12,107,48,180,3
411,80,80,130,4
203,183,65,104,4
79,85,6,1595,4
10,77,190,136,4
91,116,107,81,4
145,82,20,100,4
120,149,129,87,4
21,221,24,79,4
1174,244,10,96,4
1,223,516,148,4
71,155,46,87,4
255,126,1696,375,3
50,128,288,257,3
1,147,137,102,3
645,311,126,98,4
1,115,29,219,4
4499,203,268,175,4
7,94,91,123,3
3,211,26,135,4
7,85,31,170,4
37,1327,47,177,3
136,101,392,341,3
54,257,24,268,4
6,138,837,99,3
73,80,187,176,4
19,150,107,79,4
94,91,594,90,4
233,78,134,133,4
23,128,45,80,3
70,130,7,118,4
64,88,121,207,4
308,131,237,180,3
14,127,260,374,3
586,310,159,174,2
89,171,7,106,4
222,90,45,85,4
9,137,26,99,4
127,155,121,85,4
3,221,607,363,3
17,122,7,153,4
98,102,49,158,3
45,86,361,259,3
37,131,43,97,4
92,492,192,231,3
79,113,179,84,3
226,239,72,89,3
214,129,36,84,4
128,119,60,117,4
33,117,21,117,4
38,95,86,110,4
18,214,30,177,3
27,100,10,96,4
401,155,103,256,4
104,102,1057,257,4
1,134,29,157,4
81,244,100,184,4
30,200,60,129,4
11,94,76,79,4
268,113,281,94,4
66,82,329,134,2
52,90,480,205,3
62,139,37,85,4
29,94,93,146,3
53,101,113,85,3
198,310,19,93,4
120,318,53,169,3
58,80,21,86,4
73,170,181,131,3
277,275,92,103,4
2132,113,145,127,3
39,154,207,1064,4
42,86,576,444,4
29,101,125,80,4
0,188,2727,222,4
114,207,216,81,3
7,90,49,105,4
48,110,1491,280,4
123,162,1020,369,3
75,280,58,131,4
2,126,81,93,4
116,128,19,379,4
13,1462,1581,364,3
218,289,123,106,4
38,77,133,277,4
41,78,88,95,4
10,178,1532,336,4
106,107,547,255,3
14,335,38,136,3
112,250,78,278,4
81,159,99,88,4
13,93,111,87,4
0,98,55,120,4
167,207,59,114,3
232,107,31,83,4
15,100,18,79,4
11,417,76,94,4
105,121,159,137,3
89,146,28,79,4
13,124,16,79,4
55,100,63,284,4
42,90,45,97,4
1,142,26,86,4
28,143,126,84,4
716,271,96,257,4
843,208,51,121,4
268,310,58,133,4
525,232,171,157,4
35,113,10,98,3
11,320,755,238,3
40,183,123,117,4
90,302,58,169,4
84,117,191,224,4
297,365,984,165,4
224,150,39,93,4
15,170,116,132,4
253,88,217,103,4
113,81,8,293,4
5,155,13,130,4
21,86,15,81,4
111,113,2002,92,3
107,144,65,100,4
134,89,93,93,4
71,119,10,180,4
8,85,112,83,4
75,145,243,165,4
69,82,66,97,4
101,85,38,191,4
66,139,55,159,4
21,100,3,101,3
97,78,39,90,4
50,93,42,139,4
142,145,597,188,3
5,86,9549,744,3
6,433,13,77,4
25,126,2664,154,4
47,112,40,87,4
42,79,198,85,4
94,152,333,151,4
0,410,379,138,3
221,98,354,139,4
5,397,120,213,4
328,137,1636,141,3
9,129,502,90,3
6,136,383,502,4
90,106,53,109,4
26,402,22,85,3
46,89,34,168,4
819,80,81,102,4
1008,443,114,105,3
64,78,11,94,4
323,79,290,133,4
117,286,168,133,3
33,106,123,101,4
129,131,313,304,3
489,237,22,128,4
36,80,29,78,4
0,101,13,114,4
129,111,180,91,4
87,147,134,147,4
168,101,217,359,3
157,118,137,151,4
13,174,49,81,4
3,248,105,91,4
28,94,51,127,3
2,166,52,120,4
137,102,229,119,4
37,209,135,146,4
7,86,166,297,4
698,196,10,78,4
80,236,36,142,4
256,217,6,100,4
5,198,100,79,4
3,88,128,107,3
1,634,19,366,4
193,96,7,168,4
15,169,113,85,4
43,124,189,89,4
49,79,133,99,3
97,185,25,132,4
80,80,57,95,4
482,519,113,82,3
18,86,25,132,4
334,284,50,104,4
64,307,37,81,4
29,87,615,319,3
397,194,11,78,4
319,452,80,130,4
15,91,76,79,3
15,85,332,163,3
79,98,961,426,3
162,218,30,100,4
6,239,22,149,4
0,728,269,96,4
373,234,272,197,4
267,81,61,166,4
43,105,226,147,4
10,97,64,112,4
8,97,214,246,4
77,128,80,92,4
22,102,183,90,3
15,273,128,142,3
18,102,98,108,4
18,131,15,110,4
236,97,274,230,4
156,125,1253,211,3
21,116,21,89,4
220,222,55,84,3
64,116,23,83,3
45,112,122,102,3
97,89,78,109,4
45,104,28,86,4
220,88,95,184,4
4,127,84,96,4
12,252,4,116,4
81,106,15,126,4
20,119,122,106,4
1690,289,35,83,4
104,146,128,211,4
21,78,261,128,3
35,252,19,80,4
3,278,60,97,4
72,80,185,112,4
252,86,102,141,3
198,79,8,279,4
29,219,40,120,4
190,100,52,86,4
18,81,496,1234,3
52,140,66,268,4
463,476,382,268,2
18,98,465,237,4
135,110,27,82,4
162,98,32,107,4
733,198,72,83,4
5,81,43,89,4
55,96,30,95,4
5,300,81,231,3
28,112,11,84,4
20,237,18,116,4
67,84,19,104,4
35,139,203,103,3
46,228,17,166,4
18,96,30,145,4
151,117,22,103,4
24,81,1602,286,4
7,232,52,115,4
60,82,499,167,4
178,120,4,84,4
3,234,2194,312,3
4,230,253,138,4
22,82,61,82,4
9,111,239,214,3
8,138,9,107,3
75,121,89,99,3
153,95,568,373,4
65,99,86,81,4
15,214,32,132,3
152,148,194,383,4
42,81,23,148,4
20,239,103,200,4
19,110,352,84,4
2,78,71,117,4
201,216,483,132,3
5,80,71,78,4
10,84,233,196,4
14,194,36,127,3
3,108,47,77,4
49,88,119,241,4
813,366,52,121,4
100,198,11,83,4
3,301,60,92,4
113,102,35,108,4
168,140,3727,398,4
12,91,177,147,3
12,103,148,105,3
26,87,1069,275,3
100,95,49,79,4
283,153,184,195,4
326,477,44,135,3
45,209,40,369,4
138,170,5,132,4
144,112,240,137,3
20,101,87,175,3
7,81,38,82,4
32,109,797,162,4
9,127,270,162,3
16,204,88,115,3
2463,641,427,160,2
581,192,220,84,3
79,184,14,109,4
168,126,6543,735,3
4,123,49,239,2
5,172,455,368,3
11,149,241,105,3
109,128,59,82,3
4,191,12,168,4
104,172,596,435,3
27,104,65,104,4
828,273,237,189,3
239,345,358,164,3
360,228,262,233,3
238,84,64,148,4
93,82,320,156,3
15,79,61,78,4
342,195,190,227,3
33,95,26,104,4
268,171,184,149,3
54,104,107,119,4
60,155,21,85,4
446,270,87,130,3
114,81,468,189,3
70,311,95,105,3
13,132,114,98,4
38,91,794,177,3
1,154,279,224,4
39,78,21,82,4
173,78,286,211,4
33,146,276,269,4
23,97,477,328,3
102,201,57,211,4
262,102,31,99,3
135,191,246,138,3
59,103,13,97,3
381,516,10,80,4
23,736,92,108,4
76,131,67,112,3
20,78,153,177,4
7,84,105,256,3
32,91,125,164,3
160,130,52,98,4
6,126,185,119,3
99,102,134,119,3
3,150,4,132,4
4,253,90,143,4
41,92,130,342,4
15,81,65,105,4
35,530,53,101,3
60,269,77,120,3
25,475,25,77,4
228,119,140,171,3
1933,141,4,89,4
1106,358,42,127,3
35,78,80,94,4
359,274,92,89,3
140,90,227,215,3
83,104,82,91,3
28,100,44,89,3
7,108,329,200,4
197,249,40,90,4
0,86,202,867,4
101,93,834,186,3
5,97,62,78,3
31,90,763,163,3
38,108,19,98,4
36,145,4,163,4
1315,184,8,83,4
62,93,109,95,4
14,87,116,120,4
24,161,89,131,3
2,306,174,194,3
127,148,64,83,3
364,172,167,126,2
193,122,104,97,4
33,88,294,214,4
29,169,5,105,4
15,79,651,132,3
65,103,128,167,4
51,91,482,145,4
144,90,1400,217,3
95,154,102,115,3
1,448,403,158,3
37,120,31,80,4
2,881,129,137,4
1,543,207,105,3
61,124,37,101,3
241,78,1053,232,3
316,127,258,187,3
13,104,314,160,3
1,101,79,86,4
17,124,339,192,3
59,82,11,113,4
228,159,133,112,3
4,113,49,232,4
69,153,196,136,3
24,131,175,139,4
3,117,453,89,3
42,132,115,125,4
81,97,140,133,4
201,147,197,84,3
26,154,7,531,3
1,229,41,96,4
27,103,290,82,4
78,229,91,108,4
10702,438,266,89,3
4,94,137,277,4
155,102,122,128,4
2,127,84,259,4
4268,392,219,183,3
15,106,85,121,4
40,91,1594,271,3
68,93,206,210,4
523,214,236,89,4
0,258,116,222,4
18,133,182,156,3
50,144,425,246,3
54,83,11,96,4
28,121,17,82,4
120,81,74,87,4
19,94,190,96,3
61,115,74,89,4
17,82,128,109,4
297,100,127,121,4
20,87,15,120,4
63,87,141,142,3
11,89,455,223,3
90,87,182,141,3
92,88,52,120,4
391,364,16,78,4
204,336,75,78,3
152,121,18,81,4
105,130,120,93,4
10,138,57,252,3
121,119,114,114,3
24,280,20,88,4
8,115,94,84,3
139,302,117,108,4
8,84,60,134,3
134,105,70,91,3
11,80,115,218,4
181,386,46,151,3
36,163,227,280,3
213,89,11,271,4
581,192,26,225,4
25,166,27,91,4
737,115,76,103,3
17,266,193,106,3
54,79,24,115,4
88,162,225,171,3
108,319,432,624,3
118,107,283,241,3
12,83,77,191,3
8,106,51,114,4
60,116,297,85,3
36,571,46,85,3
13,81,1686,190,2
81,229,474,113,3
3,80,142,217,3
26,90,43,121,4
7,262,111,159,4
245,151,83,316,3
107,104,38,82,4
1235,172,292,186,4
1,141,5,118,4
50,113,23,100,4
61,153,11,82,4
9,94,69,115,4
107,90,69,110,3
23,228,136,109,3
10,151,136,92,3
11,93,84,127,4
112,122,58,78,3
4,118,86,91,3
505,149,187,130,4
494,229,165,267,3
142,80,133,115,3
33,130,12,79,4
69,97,67,248,4
52,133,1172,113,3
28,80,13,85,3
1028,486,251,290,2
317,211,56,108,3
87,130,646,249,3
11,80,60,120,3
117,196,1,199,4
4,153,151,126,3
57,112,459,321,3
210,126,60,180,4
11,151,29,89,4
125,164,4,82,4
83,78,164,80,4
528,193,95,84,3
58,78,255,183,3
1158,208,2,84,4
2,85,152,86,4
13,105,213,117,3
108,100,8,89,4
129,86,17,398,3
14,109,66,128,4
53,209,866,96,3
139,107,433,155,2
246,115,211,124,3
220,212,52,92,4
31,182,9,106,3
64,105,97,100,3
0,87,196,130,4
43,95,15,80,4
285,190,122,123,4
99,83,18,102,4
30,104,22,94,3
18,107,55,175,4
130,244,106,92,4
12,106,268,137,4
24,80,241,164,3
268,230,79,80,4
136,243,98,87,4
546,174,60,108,3
263,97,227,129,3
43,143,91,164,4
126,142,312,457,3
64,96,122,82,3
269,181,243,133,3
1,79,45,97,4
42,88,940,339,3
13,222,81,127,3
269,150,26,93,4
87,155,37,132,2
247,99,252,151,3
191,104,87,82,3
11,96,7,102,4
10,109,28,89,4
63,152,514,125,3
80,171,85,81,4
13,174,27,82,4
81,97,108,139,4
90,80,144,186,4
13,127,152,86,3
2,160,48,105,4
16,103,47,84,4
1,565,53,108,3
114,88,435,182,3
109,193,82,97,3
210,101,58,87,4
753,212,3,104,4
112,127,231,99,3
18,78,44,202,4
19,93,67,116,4
91,83,207,131,3
2,329,180,83,3
10,151,62,80,4
103,171,99,189,3
4,88,99,133,2
2,129,75,112,3
19,99,62,254,2
569,210,113,175,4
0,141,264,162,3
27,97,87,246,4
237,95,12,93,4
11,82,1227,217,3
20,248,92,99,3
233,111,45,363,4
14,106,2124,281,3
5,108,50,80,4
306,163,57,120,3
72,189,499,212,3
95,103,42,111,2
43,98,159,111,3
8,102,103,98,4
92,113,283,137,4
9,170,392,141,3
110,134,37,99,4
7,99,5,143,4
16,146,29,82,3
612,267,102,98,4
33,99,125,82,3
69,115,9,83,4
1,146,63,108,3
401,407,10,140,4
26,82,836,244,3
302,230,168,160,3
77,114,10,148,4
20,111,290,117,4
5,575,61,89,4
74,85,9,90,3
90,115,208,324,3
2,96,92,140,4
70,606,136,144,3
84,146,112,91,4
15,97,16,82,4
188,189,42,97,3
30,133,366,209,4
75,98,53,79,4
62,83,73,95,4
7,150,10,276,3
88,116,23,87,4
142,79,526,235,3
447,79,6,117,4
109,132,474,1088,4
233,105,61,90,4
1330,163,78,85,4
8,107,765,314,3
55,77,283,183,4
11,326,37,99,4
44,170,35,90,3
75,80,102,77,3
11,133,469,464,3
172,159,61,143,4
17,122,125,124,4
28,97,93,115,4
18,106,483,949,3
31,96,1885,183,3
208,98,22,248,3
50,131,174,156,3
13,106,54,91,4
92,197,118,99,3
68,150,173,181,3
347,132,15,82,4
21,97,31,81,4
9,84,31,80,3
24,83,254,159,3
121,208,40,88,3
84,132,130,105,4
28,120,21,468,4
21,217,150,153,3
138,191,9,152,4
83,113,871,122,2
66,82,24,97,4
102,103,16,85,4
4,173,128,124,3
614,381,647,247,3
34,127,77,98,3
176,213,356,92,3
93,79,130,112,3
260,667,27,195,3
759,236,556,149,3
23,123,16,78,4
48,113,13,167,4
103,121,175,97,3
50,89,685,132,3
535,757,10,217,4
44,175,50,78,4
1,380,218,92,3
50,120,76,106,4
205,154,80,107,4
40,82,65,78,3
29,80,343,83,3
110,79,16,86,4
137,90,306,259,3
4,98,104,159,4
38,78,89,164,4
9,86,124,163,4
20,81,595,141,4
219,188,116,102,4
13,82,323,83,3
25,79,9,77,4
234,129,228,94,3
233,176,24,154,4
23,117,37,79,3
18,136,51,137,4
105,130,8,113,4
361,95,159,193,4
13,352,572,216,3
205,82,244,228,4
61,91,10,102,4
10,101,21,214,4
31,154,83,106,4
116,189,1959,162,3
465,271,343,187,3
12,88,42,149,3
1951,296,169,202,4
189,100,50,163,4
31,113,122,143,3
9,144,122,78,3
136,272,7,125,4
191,121,103,145,4
193,248,96,85,3
6,117,63,106,4
64,81,39,98,4
74,79,333,104,2
83,81,83,94,4
206,140,26,98,4
38,108,43,81,4
152,241,56,84,4
9,114,1150,100,3
1887,105,73,125,3
34,232,8,100,4
43,108,98,178,4
15,91,68,83,4
1,140,405,105,3
314,191,714,112,3
127,94,353,152,3
12,676,153,177,3
5,91,168,176,3
2,100,26,86,3
185,128,80,154,4
10,1301,7,79,4
83,97,627,172,4
111,301,36,79,3
54,139,453,150,3
545,296,65,96,3
556,215,29,80,3
15,81,246,140,3
7,178,105,167,3
4,79,23,129,4
31,97,7,87,4
830,177,718,721,4
39,91,34,117,2
16,116,176,166,4
93,133,204,161,4
0,86,47,161,4
14,171,219,102,3
5,80,493,169,4
501,172,16,271,4
556,169,123,166,3
112,104,76,79,3
99,88,57,88,4
21,138,57,78,4
62,111,93,97,4
15,82,110,159,4
221,227,1951,417,2
74,82,98,111,3
219,149,11,100,3
245,123,6,899,4
46,93,201,104,4
7,377,251,138,4
5,311,204,148,4
117,138,1881,665,2
37,139,536,263,3
75,489,43,100,3
50,89,6,94,4
287,163,124,249,3
59,829,121,85,3
3,95,154,181,4
53,123,54,297,4
62,87,634,121,3
8,95,78,85,3
14,160,47,132,3
52,103,43,82,4
10506,402,57,79,3
0,114,60,119,4
563,111,83,122,2
38,87,1229,404,3
2,358,297,225,3
5,477,5,103,3
41,82,36,110,3
44,181,25,113,3
1609,102,173,81,3
252,103,109,133,4
53,94,4760,441,3
69,92,79,80,4
91,124,139,226,4
19,84,83,110,3
109,83,52,224,4
13,84,15,85,4
12,90,234,142,3
100,118,17,78,4
4,106,313,118,3
17,92,19,697,4
183,1131,191,180,3
70,159,74,90,4
101,130,616,167,3
7,146,67,102,4
583,199,166,136,3
56,105,111,172,4
70,133,964,396,3
27,152,126,160,3
48,97,778,240,3
70,77,303,131,3
15,117,101,121,4
7,147,29,91,4
114,105,22,78,4
379,319,55,171,3
10,90,672,306,3
124,98,32,88,4
69,101,104,191,3
32,85,77,108,4
47,111,72,164,4
786,221,120,94,4
7,118,184,198,3
10,188,266,192,3
34,79,1325,285,2
43,78,178,160,4
439,215,68,79,4
31,91,73,94,4
650,199,24,168,4
155,252,40,92,4
17,281,119,143,4
3,216,33,312,4
6,89,58,137,4
19,92,31,79,2
6,123,569,190,3
88,125,5375,647,3
90,85,124,78,4
84,134,118,169,3
0,164,301,285,3
11,336,43,78,3
0,371,3827,217,3
48,84,214,145,3
98,153,134,140,3
523,239,1383,158,3
862,271,29,116,4
73,108,40,77,4
71,123,23,77,4
49,90,99,130,4
10,131,178,225,3
29,84,489,658,3
7,95,65,96,4
293,161,38,160,4
74,97,61,113,4
997,180,23,101,3
35,96,51,103,4
28,84,6,357,3
435,316,267,169,4
2198,153,77,154,3
21,220,110,89,4
30,264,133,148,4
106,82,1487,138,3
34,78,68,86,3
29,78,38,135,4
358,142,62,91,2
138,125,39,78,4
1,120,4,179,4
55,138,7,93,4
57,110,92,114,4
75,95,92,81,3
36,92,140,118,4
1,119,148,228,3
8,93,116,269,4
184,143,226,147,3
58,174,187,876,3
97,100,36,265,3
415,161,125,135,3
13,148,4,79,3
25,89,144,126,3
12227,776,97,79,4
21,91,84,83,3
209,193,133,152,3
30,133,56,117,4
29,96,83,93,3
3,119,4,81,4
144,92,497,275,3
36,77,23,184,4
203,86,87,77,4
117,120,304,144,4
45,78,152,186,2
24,112,715,154,3
1805,331,203,121,4
156,86,258,158,3
1,83,473,107,3
26,120,3465,211,3
558,236,193,109,3
138,77,16,108,4
2,156,8210,243,3
7,169,50,97,4
87,102,18,100,4
37,125,153,95,4
62,90,21,81,4
70,87,108,108,4
101,77,281,106,3
203,185,264,423,4
48,105,140,131,4
30,80,410,170,3
290,169,175,143,3
75,111,31,77,4
12,214,24,171,4
16,167,1809,239,2
108,81,48,101,4
82,147,99,108,3
189,150,57,92,4
9,332,965,153,3
10,817,2,83,4
48,113,18,322,4
50,83,157,85,4
24,147,3,93,4
368,140,167,127,3
7,185,346,215,4
378,119,267,430,3
58,80,168,129,3
73,108,112,94,3
450,205,54,84,4
19,85,41,91,3
1287,82,385,117,3
16,127,11,126,4
24,87,195,121,4
36,143,102,90,3
3,84,326,148,2
127,92,43,102,4
29,96,17,92,3
190,558,371,109,4
8220,223,176,131,4
11,201,854,490,3
120,130,68,217,3
4,117,84,106,3
72,123,391,364,4
295,310,368,256,3
43,110,31,144,4
40,106,49,78,4
57,81,35,90,3
31,170,2,170,4
366,108,304,325,4
39,96,358,88,4
4,89,31,282,4
3,81,53,99,3
122,218,9,83,4
230,191,4,153,4
125,89,37,119,4
47,87,326,107,3
173,329,20,97,4
421,159,453,224,4
126,276,73,175,4
11,80,8220,223,3
138,136,10,200,4
59,90,223,256,3
27,98,273,92,3
47,105,1341,150,3
140,131,795,91,3
40,101,61,107,3
83,80,176,88,4
9,144,46,77,4
102,101,107,114,4
11,92,21,85,4
28,96,51,227,4
121,283,154,95,3
84,116,343,171,3
5,190,192,160,3
75,156,1910,119,2
10,151,84,81,3
210,131,31,122,3
163,109,22,124,4
1862,341,109,131,3
130,268,118,372,3
26,92,48,87,3
72,77,149,88,3
332,155,56,222,3
50,78,35,122,3
941,115,434,204,3
4,86,34,99,4
246,198,31,112,3
1,79,81,121,2
1,153,87,941,4
16,84,12,170,4
3,80,201,171,4
437,224,60,92,3
8,95,3700,655,3
497,87,107,84,4
26,249,319,85,3
43,93,388,330,4
1449,467,70,80,3
7,176,16,89,4
7,613,427,647,3
18,102,1249,233,3
221,130,94,83,4
78,320,16,99,4
14,83,48,81,4
3,116,172,148,3
239,92,95,79,4
54,86,99,169,3
36,100,36,102,3
79,187,124,125,4
0,298,83,106,3
215,244,185,138,3
307,249,154,133,3
82,133,47,91,4
9,92,9,99,4
196,107,70,131,4
4168,234,2835,304,3
11,96,31,209,4
686,259,183,242,3
932,532,144,147,2
9,108,58,80,4
57,87,63,130,3
329,385,128,115,3
50,166,87,403,3
47,79,67,80,3
1,82,77,96,4
71,94,717,151,3
6,78,85,81,4
68,244,136,117,3
708,437,33,111,4
147,115,79,79,4
393,313,187,292,4
83,154,144,90,4
258,125,6,95,4
94,95,371,281,3
953,249,979,979,3
58,551,48,142,4
96,88,65,88,4
184,89,613,127,3
323,181,70,153,3
12,179,153,77,3
5,82,61,94,4
54,103,68,79,3
52,100,35,132,3
210,122,13028,645,3
560,181,339,190,3
35,84,180,104,4
249,158,373,271,3
148,149,59,82,4
222,124,132,101,4
23,131,526,122,3
37,118,40,141,4
34,146,11,94,4
61,105,29,78,4
2,929,143,92,2
15,99,3240,388,2
15,131,120,85,3
3650,400,49,89,4
105,680,6,114,4
4,111,41,264,4
164,133,336,95,3
65,83,48,90,4
125,114,869,382,3
6,131,69,143,3
6,187,19,79,3
42,116,60,95,4
56,127,203,190,4
783,357,11,161,4
17,97,294,91,3
169,179,11633,458,2
172,128,69,91,4
9,446,33,125,3
768,123,342,127,3
55,79,40,189,3
6,80,425,410,3
45,230,185,116,2
125,81,48,106,3
455,216,7,84,4
41,108,54,129,4
46,86,107,442,4
14,92,39,105,3
3,167,388,133,3
49,131,137,120,4
52,270,147,153,3
249,135,319,99,2
43,108,1029,345,3
69,115,62,455,4
286,212,121,125,4
2,85,2779,154,3
4,274,202,205,3
90,92,9,118,4
124,101,174,143,4
41,103,150,194,4
47,111,30,95,3
89,85,60,91,4
105,86,7463,401,2
535,222,2,109,4
60,100,25,102,4
87,210,225,235,4
1,124,86,100,4
8,1116,15,159,3
382,374,89,177,4
114,91,56,164,3
983,114,138,218,3
5,79,43,80,3
1060,376,594,171,3
59,167,38,78,4
52,253,4,128,4
115,115,341,101,3
2,133,469,203,3
310,189,18,109,3
46,83,92,123,3
398,102,33,79,4
39,89,412,268,3
2,272,334,115,3
22,375,165,129,3
43,99,73,129,3
415,379,34,196,3
52,86,84,143,3
5,180,3,296,4
121,96,21,139,4
37,97,125,248,3
196,176,100,88,2
51,78,128,138,4
7,245,35,116,4
75,83,93,144,3
33,89,86,78,4
5905,359,13,95,4
274,277,38,254,4
86,102,49,83,4
4,814,127,269,4
1582,464,197,110,3
233,108,492,144,3
57,96,67,84,3
0,228,633,207,2
321,101,83,87,3
26,78,134,210,4
13,133,5449,123,2
160,80,246,145,3
101,107,94,190,3
16,145,103,86,4
151,135,821,356,4
168,207,326,174,2
1,1132,134,106,3
35,77,297,242,3
25,83,15,129,4
12,89,94,82,4
4,461,7,81,4
2396,266,204,98,3
189,177,534,282,3
5634,708,8,253,3
55,98,177,77,3
33,84,1043,356,3
56,249,48,86,4
399,146,69,239,3
35,85,1438,436,3
71,91,89,114,3
15,103,41,96,4
24,100,81,103,4
4,104,114,80,4
109,251,13,79,3
13,164,2820,365,2
2,104,159,129,3
5,182,78,124,4
36,107,18,103,4
434,476,19,78,3
80,176,119,79,2
233,277,16,106,4
158,146,49,80,4
42,165,33,154,4
3,93,74,84,4
22,82,4,138,4
168,81,91,106,4
206,128,96,153,3
41,143,926,229,4
891,505,7,228,4
178,148,73,278,4
242,158,310,251,3
1642,203,28,198,3
31,79,92,240,4
163,104,19,78,3
275,106,736,156,4
146,242,416,238,3
78,172,65,87,4
49,85,158,173,3
5,83,41,81,4
10,179,35,99,4
138,151,982,216,3
52,138,176,141,3
45,80,598,128,3
240,244,57,129,3
178,116,135,130,4
101,90,86,87,3
1059,210,81,127,3
75,106,97,82,4
87,315,43,149,3
64,88,231,129,3
92,202,55,118,3
196,92,97,280,3
766,229,140,91,2
4,391,199,159,4
119,130,50,119,4
18,427,126,138,4
45,185,191,130,3
4,382,33,225,3
4,81,566,101,3
20,80,1174,244,3
2,99,105,160,4
67,139,31,96,4
21,82,77,127,4
57,118,3,100,4
359,83,63,83,4
12,128,604,189,2
35,201,1489,327,4
37,118,308,312,3
18,92,350,140,3
203,139,310,150,4
17,307,23,100,4
145,137,1425,185,2
57,205,217,172,3
18,88,74,83,4
85,110,112,122,3
9,94,19,110,4
9,174,80,141,4
66,100,167,91,3
14,712,630,81,2
24,134,148,84,3
110,105,764,232,3
29,86,584,285,3
9,84,88,119,4
5,85,782,282,3
22,101,41,80,4
18,103,7,336,4
94,120,467,83,3
164,88,426,160,3
114,170,849,371,2
35,138,542,189,3
185,100,63,81,3
88,130,62,169,3
68,90,20,78,4
37,80,107,121,4
798,140,33,86,4
46,115,272,82,3
470,399,13,108,4
117,112,39,81,4
63,104,29,93,4
3,111,101,79,3
6,86,31,86,4
10,99,62,93,4
96,106,18,77,3
14,80,189,96,4
191,112,453,344,3
23,91,193,106,3
165,225,82,93,3
187,82,74,200,3
94,79,176,121,4
87,128,148,101,4
4,86,50,77,4
333,195,390,163,4
91,86,12,106,4
25,93,70,99,4
250,179,127,108,3
77,193,201,254,3
11,105,50,84,4
21,84,148,144,3
135,80,121,108,4
68,80,462,197,4
32,141,71,158,3
303,194,624,111,3
219,157,79,190,3
148,110,32,153,3
25,125,262,176,3
537,125,427,250,3
66,99,5,114,4
153,114,133,88,3
393,109,44,152,4
1227,498,5,81,3
58,82,130,170,3
127,113,96,319,4
180,174,48,80,4
1047,411,34,82,4
106,124,765,118,3
49,121,1472,375,3
229,188,61,90,4
6,316,48,78,4
79,97,772,305,2
136,133,257,83,4
222,102,25,80,4
17,91,38,111,4
57,110,183,143,4
154,125,278,116,4
1,98,233,183,4
3,87,98,78,3
48,86,189,235,3
61,97,67,106,4
3,85,424,108,3
21,78,179,122,3
27,221,419,127,3
409,232,13,118,4
14,208,135,108,4
357,210,4,149,4
12,178,499,372,3
65,106,18,217,4
25,114,60,89,4
1192,314,475,184,3
598,292,218,140,3
35,80,28,79,4
128,159,101,193,3
22,153,2630,396,2
9,101,76,82,3
140,139,107,115,3
13,99,303,281,3
2,123,46,205,4
472,277,111,83,4
49,77,50,97,4
35,121,455,223,3
171,134,25,84,3
35,79,21,129,4
33,78,57,233,4
3,114,314,93,3
264,85,48,99,3
62,445,24,118,3
88,130,40,113,4
41,216,116,105,4
63,87,1254,232,2
54,78,39,151,3
54,98,282,144,3
44,98,512,103,3
127,81,95,103,4
21,80,45,77,4
111,222,109,338,3
64,82,4,149,3
232,134,1258,292,3
34,543,250,93,4
90,80,136,134,4
987,321,682,860,3
245,266,199,93,4
257,116,1015,84,4
24,165,225,160,3
135,96,188,152,4
9,87,119,198,3
43,103,41,410,4
47,102,163,129,3
2,86,134,167,3
319,452,88,131,4
163,81,1054,153,3
4,130,285,161,3
10,275,21,109,4
37,109,1551,216,3
61,90,36,96,3
438,246,34,84,4
1,636,123,282,4
228,96,6,78,4
57,87,154,80,3
102,85,92,93,4
181,130,8,2011,4
1,295,21,118,4
1656,211,13,87,4
16,86,64,112,4
156,94,373,97,3
285,133,22,193,4
44,124,27,103,4
16626,243,13,79,4
78,113,114,109,3
48,77,1321,236,3
11,104,170,371,3
14,133,4,180,4
230,91,486,134,3
81,90,550,189,2
232,204,119,86,4
30,101,33,78,4
132,102,111,228,4
48,95,15,140,4
66,93,122,125,4
6456,510,100,112,3
1,119,59,217,4
134,79,1032,158,3
172,122,108,106,4
340,88,410,175,3
45,105,95,117,3
110,107,128,241,3
315,252,17,218,4
0,168,18,1270,4
45,78,55,124,4
58,161,57,88,4
115,126,34,109,4
20,120,51,91,3
44,203,130,170,3
135,154,54,125,4
2,1061,37,96,3
84,183,10,80,3
11,118,1717,305,3
37,105,75,103,4
126,271,20,95,3
14,99,87,92,4
52,81,133,89,3
93,82,61,84,4
7,116,20,134,4
84,119,3,164,4
93,85,90,128,3
10,126,33,83,4
205,197,184,163,3
2,131,228,141,3
7,123,28,91,3
39,184,52,119,3
17,485,195,120,3
462,359,43,83,3
42,340,2574,257,3
39,92,294,127,3
94,80,1311,91,2
113,125,484,144,4
7,250,116,113,4
49,83,121,109,4
67,86,100,204,4
30,110,198,175,3
35,181,4076,527,2
80,174,78,86,3
46,86,271,180,3
54,100,611,148,3
57,107,137,267,3
106,94,62,81,4
0,492,78,411,3
107,449,61,98,4
20,111,78,84,3
170,109,109,85,4
151,222,37,93,4
82,166,4,167,4
12,77,57,80,4
16,303,2002,92,2
12,78,12,142,4
67,96,190,282,4
146,93,397,359,3
62,108,188,154,3
82,132,750,120,3
81,168,28,98,3
253,109,7,88,4
90,167,71,91,4
88,170,54,83,3
10,139,41,252,4
50,92,417,275,3
451,107,70,91,4
6,88,7,78,4
6,182,141,125,3
60,154,85,91,3
65,112,8,100,4
8,102,22,79,3
249,196,30,83,4
11,84,54,134,4
155,1625,34,99,3
113,100,369,220,4
105,90,178,101,3
228,159,946,630,3
13,97,511,107,3
13,84,4331,537,3
98,153,41,128,4
632,216,98,162,3
0,225,610,163,4
1,123,89,127,3
127,145,8,99,3
182,141,7,247,4
7,140,15,149,3
37,168,21,79,4
128,244,47,78,4
97,154,54,240,4
4,82,76,82,3
971,267,13,80,3
47,80,935,147,3
15,131,274,230,4
100,78,259,131,4
62,96,5,115,4
59,143,171,200,3
21,123,66,88,3
21,91,96,105,3
44,83,182,144,3
40,78,484,157,4
48,96,72,95,3
17,121,89,121,3
91,152,33,109,3
235,111,132,108,3
99,80,519,209,3
58,110,4083,378,2
135,122,61,100,4
96,119,124,83,4
112,132,566,553,3
18,92,111,161,3
4490,352,175,148,3
62,145,112,92,4
62,96,83,96,3
36,102,30,100,4
126,119,274,107,4
283,142,80,181,4
113,139,372,163,3
49,85,248,97,4
61,193,234,174,4
99,79,131,182,3
79,149,1227,467,2
82,126,5097,207,2
340,91,36,82,4
47,141,198,155,3
1581,142,38,91,4
1,126,1295,320,3
1,136,30,170,3
27,84,3369,730,2
653,309,256,83,3
49,131,208,231,4
56,278,34,184,3
147,107,101,100,4
1996,298,308,182,3
261,146,49,116,4
400,178,32,166,3
21,83,8,489,4
4,81,53,84,3
153,81,161,163,3
93,124,77,98,4
63,78,440,150,3
20,80,46,77,3
3522,557,39,93,3
45,122,77,211,3
19,88,28,81,3
36,271,214,160,3
66,142,464,112,3
3472,367,27,126,3
18,90,218,122,3
8,89,98,78,3
145,135,216,187,3
98,89,199,140,3
9,103,29,178,4
253,218,126,98,3
1,450,34,92,4
1728,93,78,95,4
8,94,45,147,4
157,347,10,82,4
7,125,19,84,4
80,84,94,121,4
135,180,6,139,4
43,127,69,80,4
127,263,79,82,3
69,134,10,85,4
9,94,29,192,4
23,88,4,213,4
203,80,122,79,4
153,284,91,85,4
1227,467,213,346,2
0,139,52,95,3
76,79,46,88,3
39,81,58,88,4
41,79,541,185,3
91,201,60,124,3
17,125,143,94,3
71,121,87,270,4
19,86,60,98,3
242,95,106,300,4
109,236,54,102,4
9,164,47,131,4
135,143,485,84,4
86,112,470,215,3
111,97,64,150,4
81,82,119,196,4
528,295,196,78,3
29,93,160,155,3
152,294,73,240,3
62,125,9,142,4
1,118,169,292,4
77,83,100,95,3
2,104,28,140,4
2,178,272,86,3
17,81,23,79,4
38,86,42,109,4
169,141,830,157,3
37,156,106,166,4
83,117,8,82,4
250,155,39,80,3
250,275,9079,494,2
50,90,127,77,3
1413,461,75,128,4
55,96,7,205,4
26,95,642,320,3
32,83,1386,563,3
1189,254,72,91,2
1,111,45,168,3
2,355,74,97,3
27,97,285,125,3
1,191,89,126,4
187,265,102,97,3
62,158,899,217,3
146,113,850,248,3
2190,164,74,93,3
52,131,114,93,4
158,303,1311,115,3
59,155,54,86,3
18,85,60,129,4
27,362,32,112,4
29,103,107,87,4
432,186,100,77,3
10,150,21,79,4
115,122,169,120,4
2253,170,27,95,3
9,123,167,210,4
176,1572,91,111,3
14,108,34,92,3
18,80,28,90,3
9,114,63,78,3
37,90,268,92,3
46,125,21,114,3
338,80,147,78,3
40,103,191,194,3
7,130,134,239,4
187,286,134,126,4
14,171,81,78,3
2,284,82,143,4
2137,177,134,131,3
21,109,16,84,3
70,86,136,323,4
13,92,35,141,4
72,260,31,128,4
75,112,2337,112,2
4,113,12,105,4
60,78,428,865,4
142,296,12,128,4
9,118,191,133,3
107,83,545,165,3
155,82,144,144,3
85,160,351,99,4
17,113,42,149,4
122,125,76,85,3
38,116,175,87,2
639,192,67,111,4
